,Year,Quarter,Month,DayofMonth,DayOfWeek,FlightDate,UniqueCarrier,AirlineID,Carrier,TailNum,FlightNum,OriginAirportID,OriginAirportSeqID,OriginCityMarketID,Origin,OriginCityName,OriginState,OriginStateFips,OriginStateName,OriginWac,DestAirportID,DestAirportSeqID,DestCityMarketID,Dest,DestCityName,DestState,DestStateFips,DestStateName,DestWac,CRSDepTime,DepTime,DepDelay,DepDelayMinutes,DepDel15,DepartureDelayGroups,DepTimeBlk,TaxiOut,WheelsOff,WheelsOn,TaxiIn,CRSArrTime,ArrTime,ArrDelay,ArrDelayMinutes,ArrDel15,ArrivalDelayGroups,ArrTimeBlk,Cancelled,CancellationCode,Diverted,CRSElapsedTime,ActualElapsedTime,AirTime,Flights,Distance,DistanceGroup,CarrierDelay,WeatherDelay,NASDelay,SecurityDelay,LateAircraftDelay,FirstDepTime,TotalAddGTime,LongestAddGTime,DivAirportLandings,DivReachedDest,DivActualElapsedTime,DivArrDelay,DivDistance,Div1Airport,Div1AirportID,Div1AirportSeqID,Div1WheelsOn,Div1TotalGTime,Div1LongestGTime,Div1WheelsOff,Div1TailNum,Div2Airport,Div2AirportID,Div2AirportSeqID,Div2WheelsOn,Div2TotalGTime,Div2LongestGTime,Div2WheelsOff,Div2TailNum,Div3Airport,Div3AirportID,Div3AirportSeqID,Div3WheelsOn,Div3TotalGTime,Div3LongestGTime,Div3WheelsOff,Div3TailNum,Div4Airport,Div4AirportID,Div4AirportSeqID,Div4WheelsOn,Div4TotalGTime,Div4LongestGTime,Div4WheelsOff,Div4TailNum,Div5Airport,Div5AirportID,Div5AirportSeqID,Div5WheelsOn,Div5TotalGTime,Div5LongestGTime,Div5WheelsOff,Div5TailNum,Unnamed: 109
162544,2015,4,12,5,6,2015-12-05,AA,19805,AA,N128UW,1829,11057,1105703,31057,CLT,"Charlotte, NC",NC,37,North Carolina,36,15304,1530402,33195,TPA,"Tampa, FL",FL,12,Florida,33,1755,1752.0,-3.0,0.0,0.0,-1.0,1700-1759,14.0,1806.0,1929.0,3.0,1935,1932.0,-3.0,0.0,0.0,-1.0,1900-1959,0.0,,0.0,100.0,100.0,83.0,1.0,507.0,3,,,,,,,,,0,,,,,,,,,,,,,,,,,,,,,,,,,,,,,,,,,,,,,,,,,,,,,
316322,2015,4,12,16,3,2015-12-16,OO,20304,OO,N685BR,7369,10333,1033302,30333,APN,"Alpena, MI",MI,26,Michigan,43,11433,1143302,31295,DTW,"Detroit, MI",MI,26,Michigan,43,1015,1003.0,-12.0,0.0,0.0,-1.0,1000-1059,14.0,1017.0,1103.0,5.0,1121,1108.0,-13.0,0.0,0.0,-1.0,1100-1159,0.0,,0.0,66.0,65.0,46.0,1.0,198.0,1,,,,,,,,,0,,,,,,,,,,,,,,,,,,,,,,,,,,,,,,,,,,,,,,,,,,,,,
73457,2015,4,12,10,4,2015-12-10,EV,20366,EV,N16571,4137,13930,1393004,30977,ORD,"Chicago, IL",IL,17,Illinois,41,10469,1046902,30469,AZO,"Kalamazoo, MI",MI,26,Michigan,43,1550,1542.0,-8.0,0.0,0.0,-1.0,1500-1559,10.0,1552.0,1717.0,6.0,1752,1723.0,-29.0,0.0,0.0,-2.0,1700-1759,0.0,,0.0,62.0,41.0,25.0,1.0,122.0,1,,,,,,,,,0,,,,,,,,,,,,,,,,,,,,,,,,,,,,,,,,,,,,,,,,,,,,,
124563,2015,4,12,24,4,2015-12-24,AA,19805,AA,N3JBAA,205,10721,1072102,30721,BOS,"Boston, MA",MA,25,Massachusetts,13,12892,1289203,32575,LAX,"Los Angeles, CA",CA,6,California,91,623,635.0,12.0,12.0,0.0,0.0,0600-0659,21.0,656.0,1045.0,6.0,1005,1051.0,46.0,46.0,1.0,3.0,1000-1059,0.0,,0.0,402.0,436.0,409.0,1.0,2611.0,11,0.0,12.0,34.0,0.0,0.0,,,,0,,,,,,,,,,,,,,,,,,,,,,,,,,,,,,,,,,,,,,,,,,,,,
149188,2015,4,12,17,4,2015-12-17,AA,19805,AA,N3EJAA,2389,11298,1129804,30194,DFW,"Dallas/Fort Worth, TX",TX,48,Texas,74,14908,1490803,32575,SNA,"Santa Ana, CA",CA,6,California,91,1525,1522.0,-3.0,0.0,0.0,-1.0,1500-1559,13.0,1535.0,1627.0,9.0,1643,1636.0,-7.0,0.0,0.0,-1.0,1600-1659,0.0,,0.0,198.0,194.0,172.0,1.0,1205.0,5,,,,,,,,,0,,,,,,,,,,,,,,,,,,,,,,,,,,,,,,,,,,,,,,,,,,,,,
413828,2015,4,12,15,2,2015-12-15,WN,19393,WN,N638SW,4042,10397,1039705,30397,ATL,"Atlanta, GA",GA,13,Georgia,34,10721,1072102,30721,BOS,"Boston, MA",MA,25,Massachusetts,13,805,826.0,21.0,21.0,1.0,1.0,0800-0859,10.0,836.0,1031.0,7.0,1035,1038.0,3.0,3.0,0.0,0.0,1000-1059,0.0,,0.0,150.0,132.0,115.0,1.0,946.0,4,,,,,,,,,0,,,,,,,,,,,,,,,,,,,,,,,,,,,,,,,,,,,,,,,,,,,,,
364197,2015,4,12,11,5,2015-12-11,OO,20304,OO,N774SK,5172,11638,1163805,31638,FAT,"Fresno, CA",CA,6,California,91,12892,1289203,32575,LAX,"Los Angeles, CA",CA,6,California,91,1316,1312.0,-4.0,0.0,0.0,-1.0,1300-1359,29.0,1341.0,1424.0,12.0,1420,1436.0,16.0,16.0,1.0,1.0,1400-1459,0.0,,0.0,64.0,84.0,43.0,1.0,209.0,1,0.0,0.0,16.0,0.0,0.0,,,,0,,,,,,,,,,,,,,,,,,,,,,,,,,,,,,,,,,,,,,,,,,,,,
418622,2015,4,12,15,2,2015-12-15,WN,19393,WN,N8302F,286,13871,1387102,33316,OMA,"Omaha, NE",NE,31,Nebraska,65,12889,1288903,32211,LAS,"Las Vegas, NV",NV,32,Nevada,85,1315,1429.0,74.0,74.0,1.0,4.0,1300-1359,10.0,1439.0,1504.0,5.0,1415,1509.0,54.0,54.0,1.0,3.0,1400-1459,0.0,,0.0,180.0,160.0,145.0,1.0,1099.0,5,20.0,0.0,0.0,0.0,34.0,,,,0,,,,,,,,,,,,,,,,,,,,,,,,,,,,,,,,,,,,,,,,,,,,,
115709,2015,4,12,13,7,2015-12-13,HA,19690,HA,N488HA,343,12173,1217302,32134,HNL,"Honolulu, HI",HI,15,Hawaii,2,12982,1298202,32982,LIH,"Lihue, HI",HI,15,Hawaii,2,1210,1202.0,-8.0,0.0,0.0,-1.0,1200-1259,15.0,1217.0,1239.0,4.0,1252,1243.0,-9.0,0.0,0.0,-1.0,1200-1259,0.0,,0.0,42.0,41.0,22.0,1.0,102.0,1,,,,,,,,,0,,,,,,,,,,,,,,,,,,,,,,,,,,,,,,,,,,,,,,,,,,,,,
161877,2015,4,12,6,7,2015-12-06,AA,19805,AA,N760US,665,11066,1106603,31066,CMH,"Columbus, OH",OH,39,Ohio,44,12892,1289203,32575,LAX,"Los Angeles, CA",CA,6,California,91,845,834.0,-11.0,0.0,0.0,-1.0,0800-0859,28.0,902.0,1049.0,9.0,1055,1058.0,3.0,3.0,0.0,0.0,1000-1059,0.0,,0.0,310.0,324.0,287.0,1.0,1995.0,8,,,,,,,,,0,,,,,,,,,,,,,,,,,,,,,,,,,,,,,,,,,,,,,,,,,,,,,
460442,2015,4,12,27,7,2015-12-27,WN,19393,WN,N251WN,1180,11140,1114005,31140,CRP,"Corpus Christi, TX",TX,48,Texas,74,12191,1219102,31453,HOU,"Houston, TX",TX,48,Texas,74,610,608.0,-2.0,0.0,0.0,-1.0,0600-0659,9.0,617.0,650.0,7.0,700,657.0,-3.0,0.0,0.0,-1.0,0700-0759,0.0,,0.0,50.0,49.0,33.0,1.0,187.0,1,,,,,,,,,0,,,,,,,,,,,,,,,,,,,,,,,,,,,,,,,,,,,,,,,,,,,,,
318380,2015,4,12,4,5,2015-12-04,OO,20304,OO,N764SK,6526,12892,1289203,32575,LAX,"Los Angeles, CA",CA,6,California,91,14107,1410702,30466,PHX,"Phoenix, AZ",AZ,4,Arizona,81,628,626.0,-2.0,0.0,0.0,-1.0,0600-0659,34.0,700.0,854.0,4.0,852,858.0,6.0,6.0,0.0,0.0,0800-0859,0.0,,0.0,84.0,92.0,54.0,1.0,370.0,2,,,,,,,,,0,,,,,,,,,,,,,,,,,,,,,,,,,,,,,,,,,,,,,,,,,,,,,
420410,2015,4,12,16,3,2015-12-16,WN,19393,WN,N8607M,2938,13204,1320402,31454,MCO,"Orlando, FL",FL,12,Florida,33,15016,1501603,31123,STL,"St. Louis, MO",MO,29,Missouri,64,1125,1125.0,0.0,0.0,0.0,0.0,1100-1159,7.0,1132.0,1235.0,5.0,1255,1240.0,-15.0,0.0,0.0,-1.0,1200-1259,0.0,,0.0,150.0,135.0,123.0,1.0,882.0,4,,,,,,,,,0,,,,,,,,,,,,,,,,,,,,,,,,,,,,,,,,,,,,,,,,,,,,,
139883,2015,4,12,27,7,2015-12-27,AA,19805,AA,N3HXAA,1338,14747,1474703,30559,SEA,"Seattle, WA",WA,53,Washington,93,13303,1330303,32467,MIA,"Miami, FL",FL,12,Florida,33,2115,1003.0,768.0,768.0,1.0,12.0,2100-2159,25.0,1028.0,1902.0,8.0,553,1910.0,797.0,797.0,1.0,12.0,0001-0559,0.0,,0.0,338.0,367.0,334.0,1.0,2724.0,11,768.0,0.0,29.0,0.0,0.0,,,,0,,,,,,,,,,,,,,,,,,,,,,,,,,,,,,,,,,,,,,,,,,,,,
118471,2015,4,12,1,2,2015-12-01,HA,19690,HA,N487HA,325,13830,1383002,33830,OGG,"Kahului, HI",HI,15,Hawaii,2,12173,1217302,32134,HNL,"Honolulu, HI",HI,15,Hawaii,2,1728,1721.0,-7.0,0.0,0.0,-1.0,1700-1759,8.0,1729.0,1749.0,6.0,1805,1755.0,-10.0,0.0,0.0,-1.0,1800-1859,0.0,,0.0,37.0,34.0,20.0,1.0,100.0,1,,,,,,,,,0,,,,,,,,,,,,,,,,,,,,,,,,,,,,,,,,,,,,,,,,,,,,,
372725,2015,4,12,3,4,2015-12-03,WN,19393,WN,N733SA,2360,10140,1014003,30140,ABQ,"Albuquerque, NM",NM,35,New Mexico,86,13232,1323202,30977,MDW,"Chicago, IL",IL,17,Illinois,41,550,547.0,-3.0,0.0,0.0,-1.0,0001-0559,10.0,557.0,921.0,5.0,935,926.0,-9.0,0.0,0.0,-1.0,0900-0959,0.0,,0.0,165.0,159.0,144.0,1.0,1121.0,5,,,,,,,,,0,,,,,,,,,,,,,,,,,,,,,,,,,,,,,,,,,,,,,,,,,,,,,
30534,2015,4,12,18,5,2015-12-18,DL,19790,DL,N959DN,82,13495,1349503,33495,MSY,"New Orleans, LA",LA,22,Louisiana,72,10397,1039705,30397,ATL,"Atlanta, GA",GA,13,Georgia,34,1215,1211.0,-4.0,0.0,0.0,-1.0,1200-1259,8.0,1219.0,1418.0,4.0,1439,1422.0,-17.0,0.0,0.0,-2.0,1400-1459,0.0,,0.0,84.0,71.0,59.0,1.0,425.0,2,,,,,,,,,0,,,,,,,,,,,,,,,,,,,,,,,,,,,,,,,,,,,,,,,,,,,,,
357092,2015,4,12,4,5,2015-12-04,UA,19977,UA,N76523,548,13204,1320402,31454,MCO,"Orlando, FL",FL,12,Florida,33,11292,1129202,30325,DEN,"Denver, CO",CO,8,Colorado,82,1217,1223.0,6.0,6.0,0.0,0.0,1200-1259,11.0,1234.0,1407.0,8.0,1424,1415.0,-9.0,0.0,0.0,-1.0,1400-1459,0.0,,0.0,247.0,232.0,213.0,1.0,1546.0,7,,,,,,,,,0,,,,,,,,,,,,,,,,,,,,,,,,,,,,,,,,,,,,,,,,,,,,,
60932,2015,4,12,31,4,2015-12-31,DL,19790,DL,N895AT,858,14027,1402702,34027,PBI,"West Palm Beach/Palm Beach, FL",FL,12,Florida,33,12478,1247803,31703,JFK,"New York, NY",NY,36,New York,22,1215,1310.0,55.0,55.0,1.0,3.0,1200-1259,18.0,1328.0,1533.0,15.0,1503,1548.0,45.0,45.0,1.0,3.0,1500-1559,0.0,,0.0,168.0,158.0,125.0,1.0,1028.0,5,6.0,0.0,0.0,0.0,39.0,,,,0,,,,,,,,,,,,,,,,,,,,,,,,,,,,,,,,,,,,,,,,,,,,,
329259,2015,4,12,23,3,2015-12-23,UA,19977,UA,N18243,1131,12264,1226402,30852,IAD,"Washington, DC",VA,51,Virginia,38,14843,1484304,34819,SJU,"San Juan, PR",PR,72,Puerto Rico,3,2200,12.0,132.0,132.0,1.0,8.0,2200-2259,12.0,24.0,451.0,7.0,245,458.0,133.0,133.0,1.0,8.0,0001-0559,0.0,,0.0,225.0,226.0,207.0,1.0,1571.0,7,132.0,0.0,1.0,0.0,0.0,,,,0,,,,,,,,,,,,,,,,,,,,,,,,,,,,,,,,,,,,,,,,,,,,,
405284,2015,4,12,11,5,2015-12-11,WN,19393,WN,N298WN,1359,12953,1295302,31703,LGA,"New York, NY",NY,36,New York,22,15016,1501603,31123,STL,"St. Louis, MO",MO,29,Missouri,64,705,702.0,-3.0,0.0,0.0,-1.0,0700-0759,21.0,723.0,845.0,4.0,900,849.0,-11.0,0.0,0.0,-1.0,0900-0959,0.0,,0.0,175.0,167.0,142.0,1.0,888.0,4,,,,,,,,,0,,,,,,,,,,,,,,,,,,,,,,,,,,,,,,,,,,,,,,,,,,,,,
348120,2015,4,12,10,4,2015-12-10,UA,19977,UA,N494UA,372,14107,1410702,30466,PHX,"Phoenix, AZ",AZ,4,Arizona,81,14771,1477102,32457,SFO,"San Francisco, CA",CA,6,California,91,826,829.0,3.0,3.0,0.0,0.0,0800-0859,28.0,857.0,943.0,2.0,935,945.0,10.0,10.0,0.0,0.0,0900-0959,0.0,,0.0,129.0,136.0,106.0,1.0,651.0,3,,,,,,,,,0,,,,,,,,,,,,,,,,,,,,,,,,,,,,,,,,,,,,,,,,,,,,,
421074,2015,4,12,15,2,2015-12-15,WN,19393,WN,N767SW,1214,14843,1484304,34819,SJU,"San Juan, PR",PR,72,Puerto Rico,3,11697,1169704,32467,FLL,"Fort Lauderdale, FL",FL,12,Florida,33,730,738.0,8.0,8.0,0.0,0.0,0700-0759,15.0,753.0,907.0,6.0,920,913.0,-7.0,0.0,0.0,-1.0,0900-0959,0.0,,0.0,170.0,155.0,134.0,1.0,1046.0,5,,,,,,,,,0,,,,,,,,,,,,,,,,,,,,,,,,,,,,,,,,,,,,,,,,,,,,,
246210,2015,4,12,1,2,2015-12-01,MQ,20398,MQ,N658MQ,3232,13930,1393004,30977,ORD,"Chicago, IL",IL,17,Illinois,41,11637,1163703,31637,FAR,"Fargo, ND",ND,38,North Dakota,66,2000,1959.0,-1.0,0.0,0.0,-1.0,2000-2059,21.0,2020.0,2140.0,5.0,2159,2145.0,-14.0,0.0,0.0,-1.0,2100-2159,0.0,,0.0,119.0,106.0,80.0,1.0,557.0,3,,,,,,,,,0,,,,,,,,,,,,,,,,,,,,,,,,,,,,,,,,,,,,,,,,,,,,,
432553,2015,4,12,20,7,2015-12-20,WN,19393,WN,N498SW,2393,10800,1080003,32575,BUR,"Burbank, CA",CA,6,California,91,13796,1379604,32457,OAK,"Oakland, CA",CA,6,California,91,2010,2008.0,-2.0,0.0,0.0,-1.0,2000-2059,8.0,2016.0,2120.0,7.0,2120,2127.0,7.0,7.0,0.0,0.0,2100-2159,0.0,,0.0,70.0,79.0,64.0,1.0,325.0,2,,,,,,,,,0,,,,,,,,,,,,,,,,,,,,,,,,,,,,,,,,,,,,,,,,,,,,,
368876,2015,4,12,1,2,2015-12-01,WN,19393,WN,N7702A,189,14057,1405702,34057,PDX,"Portland, OR",OR,41,Oregon,92,12889,1288903,32211,LAS,"Las Vegas, NV",NV,32,Nevada,85,1105,1105.0,0.0,0.0,0.0,0.0,1100-1159,6.0,1111.0,1253.0,5.0,1310,1258.0,-12.0,0.0,0.0,-1.0,1300-1359,0.0,,0.0,125.0,113.0,102.0,1.0,763.0,4,,,,,,,,,0,,,,,,,,,,,,,,,,,,,,,,,,,,,,,,,,,,,,,,,,,,,,,
63523,2015,4,12,28,1,2015-12-28,EV,20366,EV,N905EV,2848,11298,1129804,30194,DFW,"Dallas/Fort Worth, TX",TX,48,Texas,74,11982,1198202,31982,GRK,"Killeen, TX",TX,48,Texas,74,1050,1156.0,66.0,66.0,1.0,4.0,1000-1059,27.0,1223.0,1258.0,4.0,1145,1302.0,77.0,77.0,1.0,5.0,1100-1159,0.0,,0.0,55.0,66.0,35.0,1.0,134.0,1,24.0,0.0,11.0,0.0,42.0,,,,0,,,,,,,,,,,,,,,,,,,,,,,,,,,,,,,,,,,,,,,,,,,,,
126326,2015,4,12,9,3,2015-12-09,AA,19805,AA,N474AA,1004,10423,1042302,30423,AUS,"Austin, TX",TX,48,Texas,74,11298,1129804,30194,DFW,"Dallas/Fort Worth, TX",TX,48,Texas,74,846,844.0,-2.0,0.0,0.0,-1.0,0800-0859,12.0,856.0,932.0,11.0,955,943.0,-12.0,0.0,0.0,-1.0,0900-0959,0.0,,0.0,69.0,59.0,36.0,1.0,190.0,1,,,,,,,,,0,,,,,,,,,,,,,,,,,,,,,,,,,,,,,,,,,,,,,,,,,,,,,
223331,2015,4,12,27,7,2015-12-27,AA,19805,AA,N3ADAA,1432,10693,1069302,30693,BNA,"Nashville, TN",TN,47,Tennessee,54,12892,1289203,32575,LAX,"Los Angeles, CA",CA,6,California,91,900,943.0,43.0,43.0,1.0,2.0,0900-0959,12.0,955.0,1158.0,11.0,1134,1209.0,35.0,35.0,1.0,2.0,1100-1159,0.0,,0.0,274.0,266.0,243.0,1.0,1797.0,8,35.0,0.0,0.0,0.0,0.0,,,,0,,,,,,,,,,,,,,,,,,,,,,,,,,,,,,,,,,,,,,,,,,,,,
243003,2015,4,12,29,2,2015-12-29,MQ,20398,MQ,N668MQ,3132,11003,1100303,31003,CID,"Cedar Rapids/Iowa City, IA",IA,19,Iowa,61,13930,1393004,30977,ORD,"Chicago, IL",IL,17,Illinois,41,1133,1222.0,49.0,49.0,1.0,3.0,1100-1159,8.0,1230.0,1312.0,9.0,1249,1321.0,32.0,32.0,1.0,2.0,1200-1259,0.0,,0.0,76.0,59.0,42.0,1.0,196.0,1,4.0,0.0,0.0,0.0,28.0,,,,0,,,,,,,,,,,,,,,,,,,,,,,,,,,,,,,,,,,,,,,,,,,,,
240698,2015,4,12,19,6,2015-12-19,MQ,20398,MQ,N653MQ,3045,13930,1393004,30977,ORD,"Chicago, IL",IL,17,Illinois,41,11986,1198603,31986,GRR,"Grand Rapids, MI",MI,26,Michigan,43,1150,1148.0,-2.0,0.0,0.0,-1.0,1100-1159,14.0,1202.0,1328.0,7.0,1347,1335.0,-12.0,0.0,0.0,-1.0,1300-1359,0.0,,0.0,57.0,47.0,26.0,1.0,137.0,1,,,,,,,,,0,,,,,,,,,,,,,,,,,,,,,,,,,,,,,,,,,,,,,,,,,,,,,
109366,2015,4,12,26,6,2015-12-26,F9,20436,F9,N919FR,1296,13930,1393004,30977,ORD,"Chicago, IL",IL,17,Illinois,41,13204,1320402,31454,MCO,"Orlando, FL",FL,12,Florida,33,925,953.0,28.0,28.0,1.0,1.0,0900-0959,20.0,1013.0,1327.0,7.0,1312,1334.0,22.0,22.0,1.0,1.0,1300-1359,0.0,,0.0,167.0,161.0,134.0,1.0,1005.0,5,7.0,0.0,15.0,0.0,0.0,,,,0,,,,,,,,,,,,,,,,,,,,,,,,,,,,,,,,,,,,,,,,,,,,,
244591,2015,4,12,1,2,2015-12-01,MQ,20398,MQ,N632MQ,3159,11298,1129804,30194,DFW,"Dallas/Fort Worth, TX",TX,48,Texas,74,14842,1484202,34842,SJT,"San Angelo, TX",TX,48,Texas,74,1650,1643.0,-7.0,0.0,0.0,-1.0,1600-1659,14.0,1657.0,1740.0,2.0,1753,1742.0,-11.0,0.0,0.0,-1.0,1700-1759,0.0,,0.0,63.0,59.0,43.0,1.0,229.0,1,,,,,,,,,0,,,,,,,,,,,,,,,,,,,,,,,,,,,,,,,,,,,,,,,,,,,,,
380091,2015,4,12,3,4,2015-12-03,WN,19393,WN,N213WN,3214,11259,1125903,30194,DAL,"Dallas, TX",TX,48,Texas,74,13204,1320402,31454,MCO,"Orlando, FL",FL,12,Florida,33,2010,2134.0,84.0,84.0,1.0,5.0,2000-2059,13.0,2147.0,44.0,2.0,2330,46.0,76.0,76.0,1.0,5.0,2300-2359,0.0,,0.0,140.0,132.0,117.0,1.0,973.0,4,76.0,0.0,0.0,0.0,0.0,,,,0,,,,,,,,,,,,,,,,,,,,,,,,,,,,,,,,,,,,,,,,,,,,,
95800,2015,4,12,17,4,2015-12-17,DL,19790,DL,N980AT,2042,10397,1039705,30397,ATL,"Atlanta, GA",GA,13,Georgia,34,11618,1161802,31703,EWR,"Newark, NJ",NJ,34,New Jersey,21,1354,1439.0,45.0,45.0,1.0,3.0,1300-1359,23.0,1502.0,1639.0,7.0,1611,1646.0,35.0,35.0,1.0,2.0,1600-1659,0.0,,0.0,137.0,127.0,97.0,1.0,746.0,3,0.0,0.0,35.0,0.0,0.0,,,,0,,,,,,,,,,,,,,,,,,,,,,,,,,,,,,,,,,,,,,,,,,,,,
467175,2015,4,12,29,2,2015-12-29,WN,19393,WN,N8619F,4668,12451,1245102,31136,JAX,"Jacksonville, FL",FL,12,Florida,33,10821,1082103,30852,BWI,"Baltimore, MD",MD,24,Maryland,35,645,705.0,20.0,20.0,1.0,1.0,0600-0659,8.0,713.0,835.0,7.0,850,842.0,-8.0,0.0,0.0,-1.0,0800-0859,0.0,,0.0,125.0,97.0,82.0,1.0,663.0,3,,,,,,,,,0,,,,,,,,,,,,,,,,,,,,,,,,,,,,,,,,,,,,,,,,,,,,,
22370,2015,4,12,14,1,2015-12-14,DL,19790,DL,N984DL,2161,14100,1410002,34100,PHL,"Philadelphia, PA",PA,42,Pennsylvania,23,10397,1039705,30397,ATL,"Atlanta, GA",GA,13,Georgia,34,1915,1914.0,-1.0,0.0,0.0,-1.0,1900-1959,35.0,1949.0,2135.0,5.0,2135,2140.0,5.0,5.0,0.0,0.0,2100-2159,0.0,,0.0,140.0,146.0,106.0,1.0,666.0,3,,,,,,,,,0,,,,,,,,,,,,,,,,,,,,,,,,,,,,,,,,,,,,,,,,,,,,,
184425,2015,4,12,25,5,2015-12-25,AA,19805,AA,N972UY,1854,12889,1288903,32211,LAS,"Las Vegas, NV",NV,32,Nevada,85,14107,1410702,30466,PHX,"Phoenix, AZ",AZ,4,Arizona,81,1235,1241.0,6.0,6.0,0.0,0.0,1200-1259,12.0,1253.0,1442.0,4.0,1442,1446.0,4.0,4.0,0.0,0.0,1400-1459,0.0,,0.0,67.0,65.0,49.0,1.0,255.0,2,,,,,,,,,0,,,,,,,,,,,,,,,,,,,,,,,,,,,,,,,,,,,,,,,,,,,,,
417575,2015,4,12,14,1,2015-12-14,WN,19393,WN,N948WN,4060,13232,1323202,30977,MDW,"Chicago, IL",IL,17,Illinois,41,11278,1127803,30852,DCA,"Washington, DC",VA,51,Virginia,38,1335,1334.0,-1.0,0.0,0.0,-1.0,1300-1359,14.0,1348.0,1624.0,5.0,1620,1629.0,9.0,9.0,0.0,0.0,1600-1659,0.0,,0.0,105.0,115.0,96.0,1.0,601.0,3,,,,,,,,,0,,,,,,,,,,,,,,,,,,,,,,,,,,,,,,,,,,,,,,,,,,,,,
167599,2015,4,12,9,3,2015-12-09,AA,19805,AA,N558UW,603,13204,1320402,31454,MCO,"Orlando, FL",FL,12,Florida,33,14107,1410702,30466,PHX,"Phoenix, AZ",AZ,4,Arizona,81,1715,1902.0,107.0,107.0,1.0,7.0,1700-1759,11.0,1913.0,2100.0,5.0,2000,2105.0,65.0,65.0,1.0,4.0,2000-2059,0.0,,0.0,285.0,243.0,227.0,1.0,1849.0,8,65.0,0.0,0.0,0.0,0.0,,,,0,,,,,,,,,,,,,,,,,,,,,,,,,,,,,,,,,,,,,,,,,,,,,
242553,2015,4,12,14,1,2015-12-14,MQ,20398,MQ,N506MQ,3070,13930,1393004,30977,ORD,"Chicago, IL",IL,17,Illinois,41,12197,1219702,31703,HPN,"White Plains, NY",NY,36,New York,22,1825,1852.0,27.0,27.0,1.0,1.0,1800-1859,11.0,1903.0,2131.0,5.0,2131,2136.0,5.0,5.0,0.0,0.0,2100-2159,0.0,,0.0,126.0,104.0,88.0,1.0,738.0,3,,,,,,,,,0,,,,,,,,,,,,,,,,,,,,,,,,,,,,,,,,,,,,,,,,,,,,,
235701,2015,4,12,3,4,2015-12-03,DL,19790,DL,N139DL,1076,13204,1320402,31454,MCO,"Orlando, FL",FL,12,Florida,33,13487,1348702,31650,MSP,"Minneapolis, MN",MN,27,Minnesota,63,1401,1356.0,-5.0,0.0,0.0,-1.0,1400-1459,13.0,1409.0,1603.0,3.0,1631,1606.0,-25.0,0.0,0.0,-2.0,1600-1659,0.0,,0.0,210.0,190.0,174.0,1.0,1310.0,6,,,,,,,,,0,,,,,,,,,,,,,,,,,,,,,,,,,,,,,,,,,,,,,,,,,,,,,
54571,2015,4,12,29,2,2015-12-29,DL,19790,DL,N949DL,1901,10721,1072102,30721,BOS,"Boston, MA",MA,25,Massachusetts,13,10397,1039705,30397,ATL,"Atlanta, GA",GA,13,Georgia,34,1215,1402.0,107.0,107.0,1.0,7.0,1200-1259,55.0,1457.0,1724.0,7.0,1525,1731.0,126.0,126.0,1.0,8.0,1500-1559,0.0,,0.0,190.0,209.0,147.0,1.0,946.0,4,51.0,23.0,19.0,0.0,33.0,,,,0,,,,,,,,,,,,,,,,,,,,,,,,,,,,,,,,,,,,,,,,,,,,,
332493,2015,4,12,22,2,2015-12-22,UA,19977,UA,N77510,1830,11618,1161802,31703,EWR,"Newark, NJ",NJ,34,New Jersey,21,15304,1530402,33195,TPA,"Tampa, FL",FL,12,Florida,33,624,625.0,1.0,1.0,0.0,0.0,0600-0659,15.0,640.0,914.0,3.0,930,917.0,-13.0,0.0,0.0,-1.0,0900-0959,0.0,,0.0,186.0,172.0,154.0,1.0,997.0,4,,,,,,,,,0,,,,,,,,,,,,,,,,,,,,,,,,,,,,,,,,,,,,,,,,,,,,,
317382,2015,4,12,31,4,2015-12-31,UA,19977,UA,N75433,1929,11618,1161802,31703,EWR,"Newark, NJ",NJ,34,New Jersey,21,14107,1410702,30466,PHX,"Phoenix, AZ",AZ,4,Arizona,81,1647,1646.0,-1.0,0.0,0.0,-1.0,1600-1659,11.0,1657.0,2015.0,8.0,2031,2023.0,-8.0,0.0,0.0,-1.0,2000-2059,0.0,,0.0,344.0,337.0,318.0,1.0,2133.0,9,,,,,,,,,0,,,,,,,,,,,,,,,,,,,,,,,,,,,,,,,,,,,,,,,,,,,,,
21719,2015,4,12,14,1,2015-12-14,DL,19790,DL,N667DN,630,11433,1143302,31295,DTW,"Detroit, MI",MI,26,Michigan,43,10397,1039705,30397,ATL,"Atlanta, GA",GA,13,Georgia,34,1742,1741.0,-1.0,0.0,0.0,-1.0,1700-1759,18.0,1759.0,1930.0,15.0,1950,1945.0,-5.0,0.0,0.0,-1.0,1900-1959,0.0,,0.0,128.0,124.0,91.0,1.0,594.0,3,,,,,,,,,0,,,,,,,,,,,,,,,,,,,,,,,,,,,,,,,,,,,,,,,,,,,,,
237329,2015,4,12,4,5,2015-12-04,DL,19790,DL,N689DL,1978,10397,1039705,30397,ATL,"Atlanta, GA",GA,13,Georgia,34,14524,1452401,34524,RIC,"Richmond, VA",VA,51,Virginia,38,2206,2203.0,-3.0,0.0,0.0,-1.0,2200-2259,21.0,2224.0,2326.0,5.0,2338,2331.0,-7.0,0.0,0.0,-1.0,2300-2359,0.0,,0.0,92.0,88.0,62.0,1.0,481.0,2,,,,,,,,,0,,,,,,,,,,,,,,,,,,,,,,,,,,,,,,,,,,,,,,,,,,,,,
180109,2015,4,12,22,2,2015-12-22,AA,19805,AA,N552UW,518,11292,1129202,30325,DEN,"Denver, CO",CO,8,Colorado,82,14100,1410002,34100,PHL,"Philadelphia, PA",PA,42,Pennsylvania,23,45,45.0,0.0,0.0,0.0,0.0,0001-0559,12.0,57.0,548.0,6.0,611,554.0,-17.0,0.0,0.0,-2.0,0600-0659,0.0,,0.0,206.0,189.0,171.0,1.0,1558.0,7,,,,,,,,,0,,,,,,,,,,,,,,,,,,,,,,,,,,,,,,,,,,,,,,,,,,,,,
191995,2015,4,12,2,3,2015-12-02,AS,19930,AS,N472AS,498,14057,1405702,34057,PDX,"Portland, OR",OR,41,Oregon,92,12892,1289203,32575,LAX,"Los Angeles, CA",CA,6,California,91,2035,2026.0,-9.0,0.0,0.0,-1.0,2000-2059,13.0,2039.0,2234.0,10.0,2300,2244.0,-16.0,0.0,0.0,-2.0,2300-2359,0.0,,0.0,145.0,138.0,115.0,1.0,834.0,4,,,,,,,,,0,,,,,,,,,,,,,,,,,,,,,,,,,,,,,,,,,,,,,,,,,,,,,
191083,2015,4,12,24,4,2015-12-24,AA,19805,AA,N980UY,463,11057,1105703,31057,CLT,"Charlotte, NC",NC,37,North Carolina,36,14107,1410702,30466,PHX,"Phoenix, AZ",AZ,4,Arizona,81,1955,2013.0,18.0,18.0,1.0,1.0,1900-1959,12.0,2025.0,2232.0,6.0,2232,2238.0,6.0,6.0,0.0,0.0,2200-2259,0.0,,0.0,277.0,265.0,247.0,1.0,1773.0,8,,,,,,,,,0,,,,,,,,,,,,,,,,,,,,,,,,,,,,,,,,,,,,,,,,,,,,,
178492,2015,4,12,21,1,2015-12-21,AA,19805,AA,N951UW,899,10721,1072102,30721,BOS,"Boston, MA",MA,25,Massachusetts,13,14100,1410002,34100,PHL,"Philadelphia, PA",PA,42,Pennsylvania,23,1830,1824.0,-6.0,0.0,0.0,-1.0,1800-1859,27.0,1851.0,2008.0,2.0,2010,2010.0,0.0,0.0,0.0,0.0,2000-2059,0.0,,0.0,100.0,106.0,77.0,1.0,280.0,2,,,,,,,,,0,,,,,,,,,,,,,,,,,,,,,,,,,,,,,,,,,,,,,,,,,,,,,
118372,2015,4,12,24,4,2015-12-24,HA,19690,HA,N480HA,318,12173,1217302,32134,HNL,"Honolulu, HI",HI,15,Hawaii,2,12758,1275803,32758,KOA,"Kona, HI",HI,15,Hawaii,2,915,912.0,-3.0,0.0,0.0,-1.0,0900-0959,12.0,924.0,950.0,6.0,1002,956.0,-6.0,0.0,0.0,-1.0,1000-1059,0.0,,0.0,47.0,44.0,26.0,1.0,163.0,1,,,,,,,,,0,,,,,,,,,,,,,,,,,,,,,,,,,,,,,,,,,,,,,,,,,,,,,
298021,2015,4,12,21,1,2015-12-21,F9,20436,F9,N924FR,366,11292,1129202,30325,DEN,"Denver, CO",CO,8,Colorado,82,13342,1334205,33342,MKE,"Milwaukee, WI",WI,55,Wisconsin,45,1445,1440.0,-5.0,0.0,0.0,-1.0,1400-1459,10.0,1450.0,1742.0,6.0,1800,1748.0,-12.0,0.0,0.0,-1.0,1800-1859,0.0,,0.0,135.0,128.0,112.0,1.0,896.0,4,,,,,,,,,0,,,,,,,,,,,,,,,,,,,,,,,,,,,,,,,,,,,,,,,,,,,,,
389364,2015,4,12,8,2,2015-12-08,WN,19393,WN,N7737E,472,10423,1042302,30423,AUS,"Austin, TX",TX,48,Texas,74,10397,1039705,30397,ATL,"Atlanta, GA",GA,13,Georgia,34,605,600.0,-5.0,0.0,0.0,-1.0,0600-0659,8.0,608.0,848.0,11.0,915,859.0,-16.0,0.0,0.0,-2.0,0900-0959,0.0,,0.0,130.0,119.0,100.0,1.0,813.0,4,,,,,,,,,0,,,,,,,,,,,,,,,,,,,,,,,,,,,,,,,,,,,,,,,,,,,,,
259404,2015,4,12,21,1,2015-12-21,MQ,20398,MQ,N648MQ,3539,11298,1129804,30194,DFW,"Dallas/Fort Worth, TX",TX,48,Texas,74,13198,1319801,33198,MCI,"Kansas City, MO",MO,29,Missouri,64,710,714.0,4.0,4.0,0.0,0.0,0700-0759,13.0,727.0,834.0,9.0,852,843.0,-9.0,0.0,0.0,-1.0,0800-0859,0.0,,0.0,102.0,89.0,67.0,1.0,460.0,2,,,,,,,,,0,,,,,,,,,,,,,,,,,,,,,,,,,,,,,,,,,,,,,,,,,,,,,
75582,2015,4,12,13,7,2015-12-13,EV,20366,EV,N15983,4179,11995,1199502,31995,GSO,"Greensboro/High Point, NC",NC,37,North Carolina,36,11618,1161802,31703,EWR,"Newark, NJ",NJ,34,New Jersey,21,841,834.0,-7.0,0.0,0.0,-1.0,0800-0859,13.0,847.0,951.0,9.0,1020,1000.0,-20.0,0.0,0.0,-2.0,1000-1059,0.0,,0.0,99.0,86.0,64.0,1.0,445.0,2,,,,,,,,,0,,,,,,,,,,,,,,,,,,,,,,,,,,,,,,,,,,,,,,,,,,,,,
294589,2015,4,12,16,3,2015-12-16,OO,20304,OO,N943SW,5218,10140,1014003,30140,ABQ,"Albuquerque, NM",NM,35,New Mexico,86,11292,1129202,30325,DEN,"Denver, CO",CO,8,Colorado,82,1636,1633.0,-3.0,0.0,0.0,-1.0,1600-1659,13.0,1646.0,1751.0,10.0,1802,1801.0,-1.0,0.0,0.0,-1.0,1800-1859,0.0,,0.0,86.0,88.0,65.0,1.0,349.0,2,,,,,,,,,0,,,,,,,,,,,,,,,,,,,,,,,,,,,,,,,,,,,,,,,,,,,,,
154025,2015,4,12,30,3,2015-12-30,AA,19805,AA,N002AA,2600,12266,1226603,31453,IAH,"Houston, TX",TX,48,Texas,74,13303,1330303,32467,MIA,"Miami, FL",FL,12,Florida,33,1945,1943.0,-2.0,0.0,0.0,-1.0,1900-1959,13.0,1956.0,2257.0,15.0,2308,2312.0,4.0,4.0,0.0,0.0,2300-2359,0.0,,0.0,143.0,149.0,121.0,1.0,964.0,4,,,,,,,,,0,,,,,,,,,,,,,,,,,,,,,,,,,,,,,,,,,,,,,,,,,,,,,
260820,2015,4,12,19,6,2015-12-19,NK,20416,NK,N503NK,111,11433,1143302,31295,DTW,"Detroit, MI",MI,26,Michigan,43,12889,1288903,32211,LAS,"Las Vegas, NV",NV,32,Nevada,85,650,645.0,-5.0,0.0,0.0,-1.0,0600-0659,11.0,656.0,809.0,10.0,819,819.0,0.0,0.0,0.0,0.0,0800-0859,0.0,,0.0,269.0,274.0,253.0,1.0,1749.0,7,,,,,,,,,0,,,,,,,,,,,,,,,,,,,,,,,,,,,,,,,,,,,,,,,,,,,,,
374929,2015,4,12,1,2,2015-12-01,WN,19393,WN,N7742B,1312,12892,1289203,32575,LAX,"Los Angeles, CA",CA,6,California,91,13796,1379604,32457,OAK,"Oakland, CA",CA,6,California,91,1805,1819.0,14.0,14.0,0.0,0.0,1800-1859,8.0,1827.0,1922.0,5.0,1920,1927.0,7.0,7.0,0.0,0.0,1900-1959,0.0,,0.0,75.0,68.0,55.0,1.0,337.0,2,,,,,,,,,0,,,,,,,,,,,,,,,,,,,,,,,,,,,,,,,,,,,,,,,,,,,,,
129319,2015,4,12,7,1,2015-12-07,AA,19805,AA,N475AA,1046,13198,1319801,33198,MCI,"Kansas City, MO",MO,29,Missouri,64,11298,1129804,30194,DFW,"Dallas/Fort Worth, TX",TX,48,Texas,74,1103,1059.0,-4.0,0.0,0.0,-1.0,1100-1159,12.0,1111.0,1222.0,12.0,1247,1234.0,-13.0,0.0,0.0,-1.0,1200-1259,0.0,,0.0,104.0,95.0,71.0,1.0,460.0,2,,,,,,,,,0,,,,,,,,,,,,,,,,,,,,,,,,,,,,,,,,,,,,,,,,,,,,,
334110,2015,4,12,21,1,2015-12-21,UA,19977,UA,N838UA,1921,11292,1129202,30325,DEN,"Denver, CO",CO,8,Colorado,82,12892,1289203,32575,LAX,"Los Angeles, CA",CA,6,California,91,1729,1727.0,-2.0,0.0,0.0,-1.0,1700-1759,12.0,1739.0,1840.0,8.0,1908,1848.0,-20.0,0.0,0.0,-2.0,1900-1959,0.0,,0.0,159.0,141.0,121.0,1.0,862.0,4,,,,,,,,,0,,,,,,,,,,,,,,,,,,,,,,,,,,,,,,,,,,,,,,,,,,,,,
6,2015,4,12,4,5,2015-12-04,DL,19790,DL,N328NW,1189,14869,1486903,34614,SLC,"Salt Lake City, UT",UT,49,Utah,87,10821,1082103,30852,BWI,"Baltimore, MD",MD,24,Maryland,35,945,942.0,-3.0,0.0,0.0,-1.0,0900-0959,17.0,959.0,1538.0,7.0,1550,1545.0,-5.0,0.0,0.0,-1.0,1500-1559,0.0,,0.0,245.0,243.0,219.0,1.0,1865.0,8,,,,,,,,,0,,,,,,,,,,,,,,,,,,,,,,,,,,,,,,,,,,,,,,,,,,,,,
455561,2015,4,12,24,4,2015-12-24,WN,19393,WN,N7720F,3310,14679,1467903,33570,SAN,"San Diego, CA",CA,6,California,91,14893,1489302,33192,SMF,"Sacramento, CA",CA,6,California,91,1250,1256.0,6.0,6.0,0.0,0.0,1200-1259,10.0,1306.0,1423.0,5.0,1425,1428.0,3.0,3.0,0.0,0.0,1400-1459,0.0,,0.0,95.0,92.0,77.0,1.0,480.0,2,,,,,,,,,0,,,,,,,,,,,,,,,,,,,,,,,,,,,,,,,,,,,,,,,,,,,,,
102705,2015,4,12,2,3,2015-12-02,F9,20436,F9,N920FR,566,11292,1129202,30325,DEN,"Denver, CO",CO,8,Colorado,82,14492,1449202,34492,RDU,"Raleigh/Durham, NC",NC,37,North Carolina,36,2359,2.0,3.0,3.0,0.0,0.0,2300-2359,11.0,13.0,455.0,5.0,459,500.0,1.0,1.0,0.0,0.0,0001-0559,0.0,,0.0,180.0,178.0,162.0,1.0,1436.0,6,,,,,,,,,0,,,,,,,,,,,,,,,,,,,,,,,,,,,,,,,,,,,,,,,,,,,,,
305875,2015,4,12,7,1,2015-12-07,OO,20304,OO,N754SK,5729,13930,1393004,30977,ORD,"Chicago, IL",IL,17,Illinois,41,13931,1393102,33667,ORF,"Norfolk, VA",VA,51,Virginia,38,733,900.0,87.0,87.0,1.0,5.0,0700-0759,25.0,925.0,1158.0,4.0,1038,1202.0,84.0,84.0,1.0,5.0,1000-1059,0.0,,0.0,125.0,122.0,93.0,1.0,717.0,3,0.0,0.0,0.0,0.0,84.0,,,,0,,,,,,,,,,,,,,,,,,,,,,,,,,,,,,,,,,,,,,,,,,,,,
127863,2015,4,12,21,1,2015-12-21,AA,19805,AA,N342AA,942,12478,1247803,31703,JFK,"New York, NY",NY,36,New York,22,13303,1330303,32467,MIA,"Miami, FL",FL,12,Florida,33,1115,1113.0,-2.0,0.0,0.0,-1.0,1100-1159,15.0,1128.0,1401.0,8.0,1423,1409.0,-14.0,0.0,0.0,-1.0,1400-1459,0.0,,0.0,188.0,176.0,153.0,1.0,1089.0,5,,,,,,,,,0,,,,,,,,,,,,,,,,,,,,,,,,,,,,,,,,,,,,,,,,,,,,,
399775,2015,4,12,10,4,2015-12-10,WN,19393,WN,N8669B,2938,10423,1042302,30423,AUS,"Austin, TX",TX,48,Texas,74,13204,1320402,31454,MCO,"Orlando, FL",FL,12,Florida,33,705,704.0,-1.0,0.0,0.0,-1.0,0700-0759,8.0,712.0,1020.0,7.0,1040,1027.0,-13.0,0.0,0.0,-1.0,1000-1059,0.0,,0.0,155.0,143.0,128.0,1.0,994.0,4,,,,,,,,,0,,,,,,,,,,,,,,,,,,,,,,,,,,,,,,,,,,,,,,,,,,,,,
461593,2015,4,12,28,1,2015-12-28,WN,19393,WN,N762SW,706,10397,1039705,30397,ATL,"Atlanta, GA",GA,13,Georgia,34,13232,1323202,30977,MDW,"Chicago, IL",IL,17,Illinois,41,2200,,,,,,2200-2259,,,,,2300,,,,,,2300-2359,1.0,B,0.0,120.0,,,1.0,591.0,3,,,,,,,,,0,,,,,,,,,,,,,,,,,,,,,,,,,,,,,,,,,,,,,,,,,,,,,
36948,2015,4,12,21,1,2015-12-21,DL,19790,DL,N984DL,1988,10599,1059904,30599,BHM,"Birmingham, AL",AL,1,Alabama,51,10397,1039705,30397,ATL,"Atlanta, GA",GA,13,Georgia,34,1012,1005.0,-7.0,0.0,0.0,-1.0,1000-1059,19.0,1024.0,1155.0,6.0,1209,1201.0,-8.0,0.0,0.0,-1.0,1200-1259,0.0,,0.0,57.0,56.0,31.0,1.0,134.0,1,,,,,,,,,0,,,,,,,,,,,,,,,,,,,,,,,,,,,,,,,,,,,,,,,,,,,,,
224012,2015,4,12,30,3,2015-12-30,AA,19805,AA,N3CVAA,1489,14747,1474703,30559,SEA,"Seattle, WA",WA,53,Washington,93,11298,1129804,30194,DFW,"Dallas/Fort Worth, TX",TX,48,Texas,74,1015,1013.0,-2.0,0.0,0.0,-1.0,1000-1059,22.0,1035.0,1559.0,22.0,1605,1621.0,16.0,16.0,1.0,1.0,1600-1659,0.0,,0.0,230.0,248.0,204.0,1.0,1660.0,7,0.0,0.0,16.0,0.0,0.0,,,,0,,,,,,,,,,,,,,,,,,,,,,,,,,,,,,,,,,,,,,,,,,,,,
211534,2015,4,12,9,3,2015-12-09,B6,20409,B6,N216JB,1081,10721,1072102,30721,BOS,"Boston, MA",MA,25,Massachusetts,13,14524,1452401,34524,RIC,"Richmond, VA",VA,51,Virginia,38,930,929.0,-1.0,0.0,0.0,-1.0,0900-0959,12.0,941.0,1100.0,3.0,1121,1103.0,-18.0,0.0,0.0,-2.0,1100-1159,0.0,,0.0,111.0,94.0,79.0,1.0,474.0,2,,,,,,,,,0,,,,,,,,,,,,,,,,,,,,,,,,,,,,,,,,,,,,,,,,,,,,,
446669,2015,4,12,24,4,2015-12-24,WN,19393,WN,N248WN,1853,11292,1129202,30325,DEN,"Denver, CO",CO,8,Colorado,82,15370,1537002,34653,TUL,"Tulsa, OK",OK,40,Oklahoma,73,950,952.0,2.0,2.0,0.0,0.0,0900-0959,9.0,1001.0,1205.0,4.0,1225,1209.0,-16.0,0.0,0.0,-2.0,1200-1259,0.0,,0.0,95.0,77.0,64.0,1.0,541.0,3,,,,,,,,,0,,,,,,,,,,,,,,,,,,,,,,,,,,,,,,,,,,,,,,,,,,,,,
371460,2015,4,12,2,3,2015-12-02,WN,19393,WN,N216WR,4089,14869,1486903,34614,SLC,"Salt Lake City, UT",UT,49,Utah,87,12889,1288903,32211,LAS,"Las Vegas, NV",NV,32,Nevada,85,1035,1031.0,-4.0,0.0,0.0,-1.0,1000-1059,11.0,1042.0,1039.0,5.0,1050,1044.0,-6.0,0.0,0.0,-1.0,1000-1059,0.0,,0.0,75.0,73.0,57.0,1.0,368.0,2,,,,,,,,,0,,,,,,,,,,,,,,,,,,,,,,,,,,,,,,,,,,,,,,,,,,,,,
273353,2015,4,12,8,2,2015-12-08,OO,20304,OO,N218AG,3446,14747,1474703,30559,SEA,"Seattle, WA",WA,53,Washington,93,10713,1071302,30713,BOI,"Boise, ID",ID,16,Idaho,83,2140,2125.0,-15.0,0.0,0.0,-1.0,2100-2159,14.0,2139.0,2333.0,3.0,2359,2336.0,-23.0,0.0,0.0,-2.0,2300-2359,0.0,,0.0,79.0,71.0,54.0,1.0,399.0,2,,,,,,,,,0,,,,,,,,,,,,,,,,,,,,,,,,,,,,,,,,,,,,,,,,,,,,,
462967,2015,4,12,7,1,2015-12-07,WN,19393,WN,N7717D,187,13232,1323202,30977,MDW,"Chicago, IL",IL,17,Illinois,41,14492,1449202,34492,RDU,"Raleigh/Durham, NC",NC,37,North Carolina,36,1345,1350.0,5.0,5.0,0.0,0.0,1300-1359,18.0,1408.0,1631.0,5.0,1635,1636.0,1.0,1.0,0.0,0.0,1600-1659,0.0,,0.0,110.0,106.0,83.0,1.0,632.0,3,,,,,,,,,0,,,,,,,,,,,,,,,,,,,,,,,,,,,,,,,,,,,,,,,,,,,,,
41800,2015,4,12,23,3,2015-12-23,DL,19790,DL,N906DA,1739,10397,1039705,30397,ATL,"Atlanta, GA",GA,13,Georgia,34,15376,1537602,30436,TUS,"Tucson, AZ",AZ,4,Arizona,81,1920,1952.0,32.0,32.0,1.0,2.0,1900-1959,54.0,2046.0,2230.0,4.0,2137,2234.0,57.0,57.0,1.0,3.0,2100-2159,0.0,,0.0,257.0,282.0,224.0,1.0,1541.0,7,0.0,8.0,25.0,0.0,24.0,,,,0,,,,,,,,,,,,,,,,,,,,,,,,,,,,,,,,,,,,,,,,,,,,,
60563,2015,4,12,30,3,2015-12-30,DL,19790,DL,N344NB,2616,13487,1348702,31650,MSP,"Minneapolis, MN",MN,27,Minnesota,63,10257,1025702,30257,ALB,"Albany, NY",NY,36,New York,22,1935,1933.0,-2.0,0.0,0.0,-1.0,1900-1959,30.0,2003.0,2252.0,3.0,2305,2255.0,-10.0,0.0,0.0,-1.0,2300-2359,0.0,,0.0,150.0,142.0,109.0,1.0,980.0,4,,,,,,,,,0,,,,,,,,,,,,,,,,,,,,,,,,,,,,,,,,,,,,,,,,,,,,,
238191,2015,4,12,23,3,2015-12-23,AA,19805,AA,N3KUAA,2525,13204,1320402,31454,MCO,"Orlando, FL",FL,12,Florida,33,12892,1289203,32575,LAX,"Los Angeles, CA",CA,6,California,91,2007,2053.0,46.0,46.0,1.0,3.0,2000-2059,14.0,2107.0,2304.0,6.0,2245,2310.0,25.0,25.0,1.0,1.0,2200-2259,0.0,,0.0,338.0,317.0,297.0,1.0,2218.0,9,6.0,0.0,0.0,0.0,19.0,,,,0,,,,,,,,,,,,,,,,,,,,,,,,,,,,,,,,,,,,,,,,,,,,,
187577,2015,4,12,30,3,2015-12-30,AA,19805,AA,N717UW,1784,11057,1105703,31057,CLT,"Charlotte, NC",NC,37,North Carolina,36,13244,1324402,33244,MEM,"Memphis, TN",TN,47,Tennessee,54,925,954.0,29.0,29.0,1.0,1.0,0900-0959,28.0,1022.0,1112.0,3.0,1017,1115.0,58.0,58.0,1.0,3.0,1000-1059,0.0,,0.0,112.0,141.0,110.0,1.0,511.0,3,0.0,29.0,29.0,0.0,0.0,,,,0,,,,,,,,,,,,,,,,,,,,,,,,,,,,,,,,,,,,,,,,,,,,,
259256,2015,4,12,29,2,2015-12-29,MQ,20398,MQ,N525MQ,3532,13851,1385103,33851,OKC,"Oklahoma City, OK",OK,40,Oklahoma,73,11298,1129804,30194,DFW,"Dallas/Fort Worth, TX",TX,48,Texas,74,656,854.0,118.0,118.0,1.0,7.0,0600-0659,24.0,918.0,956.0,8.0,808,1004.0,116.0,116.0,1.0,7.0,0800-0859,0.0,,0.0,72.0,70.0,38.0,1.0,175.0,1,116.0,0.0,0.0,0.0,0.0,,,,0,,,,,,,,,,,,,,,,,,,,,,,,,,,,,,,,,,,,,,,,,,,,,
451105,2015,4,12,25,5,2015-12-25,WN,19393,WN,N424WN,5192,15016,1501603,31123,STL,"St. Louis, MO",MO,29,Missouri,64,13495,1349503,33495,MSY,"New Orleans, LA",LA,22,Louisiana,72,2125,2121.0,-4.0,0.0,0.0,-1.0,2100-2159,9.0,2130.0,2257.0,4.0,2310,2301.0,-9.0,0.0,0.0,-1.0,2300-2359,0.0,,0.0,105.0,100.0,87.0,1.0,604.0,3,,,,,,,,,0,,,,,,,,,,,,,,,,,,,,,,,,,,,,,,,,,,,,,,,,,,,,,
324566,2015,4,12,27,7,2015-12-27,UA,19977,UA,N492UA,1948,12266,1226603,31453,IAH,"Houston, TX",TX,48,Texas,74,14107,1410702,30466,PHX,"Phoenix, AZ",AZ,4,Arizona,81,1807,2332.0,325.0,325.0,1.0,12.0,1800-1859,20.0,2352.0,117.0,7.0,2009,124.0,315.0,315.0,1.0,12.0,2000-2059,0.0,,0.0,182.0,172.0,145.0,1.0,1009.0,5,0.0,0.0,6.0,0.0,309.0,,,,0,,,,,,,,,,,,,,,,,,,,,,,,,,,,,,,,,,,,,,,,,,,,,
468171,2015,4,12,30,3,2015-12-30,WN,19393,WN,N213WN,1869,11259,1125903,30194,DAL,"Dallas, TX",TX,48,Texas,74,13198,1319801,33198,MCI,"Kansas City, MO",MO,29,Missouri,64,725,747.0,22.0,22.0,1.0,1.0,0700-0759,11.0,758.0,858.0,8.0,850,906.0,16.0,16.0,1.0,1.0,0800-0859,0.0,,0.0,85.0,79.0,60.0,1.0,460.0,2,3.0,0.0,0.0,0.0,13.0,,,,0,,,,,,,,,,,,,,,,,,,,,,,,,,,,,,,,,,,,,,,,,,,,,
136867,2015,4,12,9,3,2015-12-09,AA,19805,AA,N4WMAA,1255,15370,1537002,34653,TUL,"Tulsa, OK",OK,40,Oklahoma,73,11298,1129804,30194,DFW,"Dallas/Fort Worth, TX",TX,48,Texas,74,505,458.0,-7.0,0.0,0.0,-1.0,0001-0559,29.0,527.0,608.0,5.0,623,613.0,-10.0,0.0,0.0,-1.0,0600-0659,0.0,,0.0,78.0,75.0,41.0,1.0,237.0,1,,,,,,,,,0,,,,,,,,,,,,,,,,,,,,,,,,,,,,,,,,,,,,,,,,,,,,,
260385,2015,4,12,25,5,2015-12-25,MQ,20398,MQ,N528MQ,3638,15919,1591902,31834,XNA,"Fayetteville, AR",AR,5,Arkansas,71,13930,1393004,30977,ORD,"Chicago, IL",IL,17,Illinois,41,1552,1540.0,-12.0,0.0,0.0,-1.0,1500-1559,9.0,1549.0,1658.0,12.0,1744,1710.0,-34.0,0.0,0.0,-2.0,1700-1759,0.0,,0.0,112.0,90.0,69.0,1.0,522.0,3,,,,,,,,,0,,,,,,,,,,,,,,,,,,,,,,,,,,,,,,,,,,,,,,,,,,,,,
369099,2015,4,12,1,2,2015-12-01,WN,19393,WN,N7702A,189,14107,1410702,30466,PHX,"Phoenix, AZ",AZ,4,Arizona,81,15370,1537002,34653,TUL,"Tulsa, OK",OK,40,Oklahoma,73,1630,1628.0,-2.0,0.0,0.0,-1.0,1600-1659,10.0,1638.0,1925.0,12.0,1940,1937.0,-3.0,0.0,0.0,-1.0,1900-1959,0.0,,0.0,130.0,129.0,107.0,1.0,935.0,4,,,,,,,,,0,,,,,,,,,,,,,,,,,,,,,,,,,,,,,,,,,,,,,,,,,,,,,
331642,2015,4,12,20,7,2015-12-20,UA,19977,UA,N487UA,445,11292,1129202,30325,DEN,"Denver, CO",CO,8,Colorado,82,12266,1226603,31453,IAH,"Houston, TX",TX,48,Texas,74,1601,1602.0,1.0,1.0,0.0,0.0,1600-1659,16.0,1618.0,1909.0,12.0,1926,1921.0,-5.0,0.0,0.0,-1.0,1900-1959,0.0,,0.0,145.0,139.0,111.0,1.0,862.0,4,,,,,,,,,0,,,,,,,,,,,,,,,,,,,,,,,,,,,,,,,,,,,,,,,,,,,,,
444519,2015,4,12,23,3,2015-12-23,WN,19393,WN,N527SW,1224,12206,1220603,32206,HRL,"Harlingen/San Benito, TX",TX,48,Texas,74,12191,1219102,31453,HOU,"Houston, TX",TX,48,Texas,74,1445,1436.0,-9.0,0.0,0.0,-1.0,1400-1459,9.0,1445.0,1529.0,5.0,1550,1534.0,-16.0,0.0,0.0,-2.0,1500-1559,0.0,,0.0,65.0,58.0,44.0,1.0,277.0,2,,,,,,,,,0,,,,,,,,,,,,,,,,,,,,,,,,,,,,,,,,,,,,,,,,,,,,,
183956,2015,4,12,25,5,2015-12-25,AA,19805,AA,N838AW,599,15016,1501603,31123,STL,"St. Louis, MO",MO,29,Missouri,64,14107,1410702,30466,PHX,"Phoenix, AZ",AZ,4,Arizona,81,1425,1505.0,40.0,40.0,1.0,2.0,1400-1459,17.0,1522.0,1748.0,7.0,1652,1755.0,63.0,63.0,1.0,4.0,1600-1659,0.0,,0.0,207.0,230.0,206.0,1.0,1262.0,6,1.0,0.0,23.0,0.0,39.0,,,,0,,,,,,,,,,,,,,,,,,,,,,,,,,,,,,,,,,,,,,,,,,,,,
7840,2015,4,12,8,2,2015-12-08,DL,19790,DL,N953AT,1644,13930,1393004,30977,ORD,"Chicago, IL",IL,17,Illinois,41,11433,1143302,31295,DTW,"Detroit, MI",MI,26,Michigan,43,1200,1155.0,-5.0,0.0,0.0,-1.0,1200-1259,17.0,1212.0,1403.0,6.0,1417,1409.0,-8.0,0.0,0.0,-1.0,1400-1459,0.0,,0.0,77.0,74.0,51.0,1.0,235.0,1,,,,,,,,,0,,,,,,,,,,,,,,,,,,,,,,,,,,,,,,,,,,,,,,,,,,,,,
406398,2015,4,12,12,6,2015-12-12,WN,19393,WN,N497WN,3163,10821,1082103,30852,BWI,"Baltimore, MD",MD,24,Maryland,35,10599,1059904,30599,BHM,"Birmingham, AL",AL,1,Alabama,51,1800,1807.0,7.0,7.0,0.0,0.0,1800-1859,13.0,1820.0,1855.0,4.0,1910,1859.0,-11.0,0.0,0.0,-1.0,1900-1959,0.0,,0.0,130.0,112.0,95.0,1.0,682.0,3,,,,,,,,,0,,,,,,,,,,,,,,,,,,,,,,,,,,,,,,,,,,,,,,,,,,,,,
475109,2015,4,12,29,2,2015-12-29,WN,19393,WN,N267WN,1689,13495,1349503,33495,MSY,"New Orleans, LA",LA,22,Louisiana,72,11259,1125903,30194,DAL,"Dallas, TX",TX,48,Texas,74,1455,1543.0,48.0,48.0,1.0,3.0,1400-1459,7.0,1550.0,1656.0,15.0,1625,1711.0,46.0,46.0,1.0,3.0,1600-1659,0.0,,0.0,90.0,88.0,66.0,1.0,436.0,2,8.0,0.0,0.0,0.0,38.0,,,,0,,,,,,,,,,,,,,,,,,,,,,,,,,,,,,,,,,,,,,,,,,,,,
12122,2015,4,12,10,4,2015-12-10,DL,19790,DL,N982AT,2012,10397,1039705,30397,ATL,"Atlanta, GA",GA,13,Georgia,34,13930,1393004,30977,ORD,"Chicago, IL",IL,17,Illinois,41,725,724.0,-1.0,0.0,0.0,-1.0,0700-0759,12.0,736.0,806.0,6.0,835,812.0,-23.0,0.0,0.0,-2.0,0800-0859,0.0,,0.0,130.0,108.0,90.0,1.0,606.0,3,,,,,,,,,0,,,,,,,,,,,,,,,,,,,,,,,,,,,,,,,,,,,,,,,,,,,,,
451397,2015,4,12,26,6,2015-12-26,WN,19393,WN,N515SW,4423,10423,1042302,30423,AUS,"Austin, TX",TX,48,Texas,74,11540,1154003,30615,ELP,"El Paso, TX",TX,48,Texas,74,1500,1532.0,32.0,32.0,1.0,2.0,1500-1559,10.0,1542.0,1601.0,5.0,1540,1606.0,26.0,26.0,1.0,1.0,1500-1559,0.0,,0.0,100.0,94.0,79.0,1.0,528.0,3,2.0,0.0,0.0,0.0,24.0,,,,0,,,,,,,,,,,,,,,,,,,,,,,,,,,,,,,,,,,,,,,,,,,,,
124057,2015,4,12,4,5,2015-12-04,AA,19805,AA,N785AA,125,12478,1247803,31703,JFK,"New York, NY",NY,36,New York,22,12892,1289203,32575,LAX,"Los Angeles, CA",CA,6,California,91,2100,2110.0,10.0,10.0,0.0,0.0,2100-2159,30.0,2140.0,22.0,15.0,28,37.0,9.0,9.0,0.0,0.0,0001-0559,0.0,,0.0,388.0,387.0,342.0,1.0,2475.0,10,,,,,,,,,0,,,,,,,,,,,,,,,,,,,,,,,,,,,,,,,,,,,,,,,,,,,,,
209148,2015,4,12,8,2,2015-12-08,B6,20409,B6,N198JB,400,13495,1349503,33495,MSY,"New Orleans, LA",LA,22,Louisiana,72,10721,1072102,30721,BOS,"Boston, MA",MA,25,Massachusetts,13,1150,1147.0,-3.0,0.0,0.0,-1.0,1100-1159,23.0,1210.0,1550.0,3.0,1556,1553.0,-3.0,0.0,0.0,-1.0,1500-1559,0.0,,0.0,186.0,186.0,160.0,1.0,1368.0,6,,,,,,,,,0,,,,,,,,,,,,,,,,,,,,,,,,,,,,,,,,,,,,,,,,,,,,,
406440,2015,4,12,12,6,2015-12-12,WN,19393,WN,N8639B,2190,10821,1082103,30852,BWI,"Baltimore, MD",MD,24,Maryland,35,11697,1169704,32467,FLL,"Fort Lauderdale, FL",FL,12,Florida,33,725,721.0,-4.0,0.0,0.0,-1.0,0700-0759,14.0,735.0,935.0,16.0,1005,951.0,-14.0,0.0,0.0,-1.0,1000-1059,0.0,,0.0,160.0,150.0,120.0,1.0,925.0,4,,,,,,,,,0,,,,,,,,,,,,,,,,,,,,,,,,,,,,,,,,,,,,,,,,,,,,,
148238,2015,4,12,21,1,2015-12-21,AA,19805,AA,N4WKAA,2214,11298,1129804,30194,DFW,"Dallas/Fort Worth, TX",TX,48,Texas,74,10140,1014003,30140,ABQ,"Albuquerque, NM",NM,35,New Mexico,86,900,856.0,-4.0,0.0,0.0,-1.0,0900-0959,23.0,919.0,950.0,6.0,958,956.0,-2.0,0.0,0.0,-1.0,0900-0959,0.0,,0.0,118.0,120.0,91.0,1.0,569.0,3,,,,,,,,,0,,,,,,,,,,,,,,,,,,,,,,,,,,,,,,,,,,,,,,,,,,,,,
373363,2015,4,12,14,1,2015-12-14,OO,20304,OO,N970SW,6237,10627,1062702,30627,BIS,"Bismarck/Mandan, ND",ND,38,North Dakota,66,11292,1129202,30325,DEN,"Denver, CO",CO,8,Colorado,82,1350,1358.0,8.0,8.0,0.0,0.0,1300-1359,14.0,1412.0,1439.0,6.0,1435,1445.0,10.0,10.0,0.0,0.0,1400-1459,0.0,,0.0,105.0,107.0,87.0,1.0,516.0,3,,,,,,,,,0,,,,,,,,,,,,,,,,,,,,,,,,,,,,,,,,,,,,,,,,,,,,,
180371,2015,4,12,22,2,2015-12-22,AA,19805,AA,N524UW,708,11057,1105703,31057,CLT,"Charlotte, NC",NC,37,North Carolina,36,12889,1288903,32211,LAS,"Las Vegas, NV",NV,32,Nevada,85,1815,1825.0,10.0,10.0,0.0,0.0,1800-1859,26.0,1851.0,2031.0,7.0,2013,2038.0,25.0,25.0,1.0,1.0,2000-2059,0.0,,0.0,298.0,313.0,280.0,1.0,1916.0,8,0.0,0.0,15.0,0.0,10.0,,,,0,,,,,,,,,,,,,,,,,,,,,,,,,,,,,,,,,,,,,,,,,,,,,
394472,2015,4,12,9,3,2015-12-09,WN,19393,WN,N552WN,673,14107,1410702,30466,PHX,"Phoenix, AZ",AZ,4,Arizona,81,11259,1125903,30194,DAL,"Dallas, TX",TX,48,Texas,74,1010,1009.0,-1.0,0.0,0.0,-1.0,1000-1059,26.0,1035.0,1334.0,7.0,1325,1341.0,16.0,16.0,1.0,1.0,1300-1359,0.0,,0.0,135.0,152.0,119.0,1.0,879.0,4,0.0,0.0,16.0,0.0,0.0,,,,0,,,,,,,,,,,,,,,,,,,,,,,,,,,,,,,,,,,,,,,,,,,,,
467843,2015,4,12,30,3,2015-12-30,WN,19393,WN,N399WN,2972,10821,1082103,30852,BWI,"Baltimore, MD",MD,24,Maryland,35,11066,1106603,31066,CMH,"Columbus, OH",OH,39,Ohio,44,2215,2248.0,33.0,33.0,1.0,2.0,2200-2259,11.0,2259.0,1.0,5.0,2335,6.0,31.0,31.0,1.0,2.0,2300-2359,0.0,,0.0,80.0,78.0,62.0,1.0,337.0,2,0.0,0.0,0.0,0.0,31.0,,,,0,,,,,,,,,,,,,,,,,,,,,,,,,,,,,,,,,,,,,,,,,,,,,
428595,2015,4,12,19,6,2015-12-19,WN,19393,WN,N738CB,3298,11259,1125903,30194,DAL,"Dallas, TX",TX,48,Texas,74,13198,1319801,33198,MCI,"Kansas City, MO",MO,29,Missouri,64,935,938.0,3.0,3.0,0.0,0.0,0900-0959,16.0,954.0,1059.0,4.0,1100,1103.0,3.0,3.0,0.0,0.0,1100-1159,0.0,,0.0,85.0,85.0,65.0,1.0,460.0,2,,,,,,,,,0,,,,,,,,,,,,,,,,,,,,,,,,,,,,,,,,,,,,,,,,,,,,,
351454,2015,4,12,8,2,2015-12-08,UA,19977,UA,N78509,523,11618,1161802,31703,EWR,"Newark, NJ",NJ,34,New Jersey,21,11292,1129202,30325,DEN,"Denver, CO",CO,8,Colorado,82,1205,1202.0,-3.0,0.0,0.0,-1.0,1200-1259,18.0,1220.0,1408.0,12.0,1433,1420.0,-13.0,0.0,0.0,-1.0,1400-1459,0.0,,0.0,268.0,258.0,228.0,1.0,1605.0,7,,,,,,,,,0,,,,,,,,,,,,,,,,,,,,,,,,,,,,,,,,,,,,,,,,,,,,,
264694,2015,4,12,18,5,2015-12-18,NK,20416,NK,N505NK,510,13796,1379604,32457,OAK,"Oakland, CA",CA,6,California,91,12892,1289203,32575,LAX,"Los Angeles, CA",CA,6,California,91,2145,2208.0,23.0,23.0,1.0,1.0,2100-2159,19.0,2227.0,2325.0,21.0,2301,2346.0,45.0,45.0,1.0,3.0,2300-2359,0.0,,0.0,76.0,98.0,58.0,1.0,337.0,2,3.0,0.0,22.0,0.0,20.0,,,,0,,,,,,,,,,,,,,,,,,,,,,,,,,,,,,,,,,,,,,,,,,,,,
60864,2015,4,12,31,4,2015-12-31,DL,19790,DL,N808DN,773,14057,1405702,34057,PDX,"Portland, OR",OR,41,Oregon,92,10397,1039705,30397,ATL,"Atlanta, GA",GA,13,Georgia,34,1320,1316.0,-4.0,0.0,0.0,-1.0,1300-1359,12.0,1328.0,2030.0,5.0,2051,2035.0,-16.0,0.0,0.0,-2.0,2000-2059,0.0,,0.0,271.0,259.0,242.0,1.0,2172.0,9,,,,,,,,,0,,,,,,,,,,,,,,,,,,,,,,,,,,,,,,,,,,,,,,,,,,,,,
90377,2015,4,12,15,2,2015-12-15,EV,20366,EV,N137EV,4986,10397,1039705,30397,ATL,"Atlanta, GA",GA,13,Georgia,34,12197,1219702,31703,HPN,"White Plains, NY",NY,36,New York,22,2042,2036.0,-6.0,0.0,0.0,-1.0,2000-2059,13.0,2049.0,2230.0,4.0,2255,2234.0,-21.0,0.0,0.0,-2.0,2200-2259,0.0,,0.0,133.0,118.0,101.0,1.0,780.0,4,,,,,,,,,0,,,,,,,,,,,,,,,,,,,,,,,,,,,,,,,,,,,,,,,,,,,,,
462267,2015,4,12,7,1,2015-12-07,WN,19393,WN,N485WN,2420,12889,1288903,32211,LAS,"Las Vegas, NV",NV,32,Nevada,85,11259,1125903,30194,DAL,"Dallas, TX",TX,48,Texas,74,1640,1640.0,0.0,0.0,0.0,0.0,1600-1659,13.0,1653.0,2109.0,6.0,2115,2115.0,0.0,0.0,0.0,0.0,2100-2159,0.0,,0.0,155.0,155.0,136.0,1.0,1067.0,5,,,,,,,,,0,,,,,,,,,,,,,,,,,,,,,,,,,,,,,,,,,,,,,,,,,,,,,
268651,2015,4,12,16,3,2015-12-16,NK,20416,NK,N524NK,542,15304,1530402,33195,TPA,"Tampa, FL",FL,12,Florida,33,10397,1039705,30397,ATL,"Atlanta, GA",GA,13,Georgia,34,1345,1404.0,19.0,19.0,1.0,1.0,1300-1359,11.0,1415.0,1518.0,9.0,1511,1527.0,16.0,16.0,1.0,1.0,1500-1559,0.0,,0.0,86.0,83.0,63.0,1.0,406.0,2,0.0,0.0,0.0,0.0,16.0,,,,0,,,,,,,,,,,,,,,,,,,,,,,,,,,,,,,,,,,,,,,,,,,,,
424935,2015,4,12,18,5,2015-12-18,WN,19393,WN,N378SW,599,10140,1014003,30140,ABQ,"Albuquerque, NM",NM,35,New Mexico,86,14107,1410702,30466,PHX,"Phoenix, AZ",AZ,4,Arizona,81,920,1025.0,65.0,65.0,1.0,4.0,0900-0959,16.0,1041.0,1138.0,6.0,1035,1144.0,69.0,69.0,1.0,4.0,1000-1059,0.0,,0.0,75.0,79.0,57.0,1.0,328.0,2,65.0,0.0,4.0,0.0,0.0,,,,0,,,,,,,,,,,,,,,,,,,,,,,,,,,,,,,,,,,,,,,,,,,,,
364075,2015,4,12,5,6,2015-12-05,OO,20304,OO,N146SY,5167,11109,1110902,30189,COS,"Colorado Springs, CO",CO,8,Colorado,82,11292,1129202,30325,DEN,"Denver, CO",CO,8,Colorado,82,828,829.0,1.0,1.0,0.0,0.0,0800-0859,18.0,847.0,903.0,9.0,919,912.0,-7.0,0.0,0.0,-1.0,0900-0959,0.0,,0.0,51.0,43.0,16.0,1.0,73.0,1,,,,,,,,,0,,,,,,,,,,,,,,,,,,,,,,,,,,,,,,,,,,,,,,,,,,,,,
374212,2015,4,12,26,6,2015-12-26,OO,20304,OO,N983SW,6268,11292,1129202,30325,DEN,"Denver, CO",CO,8,Colorado,82,11638,1163805,31638,FAT,"Fresno, CA",CA,6,California,91,1511,1525.0,14.0,14.0,0.0,0.0,1500-1559,23.0,1548.0,1639.0,5.0,1641,1644.0,3.0,3.0,0.0,0.0,1600-1659,0.0,,0.0,150.0,139.0,111.0,1.0,844.0,4,,,,,,,,,0,,,,,,,,,,,,,,,,,,,,,,,,,,,,,,,,,,,,,,,,,,,,,
254487,2015,4,12,3,4,2015-12-03,EV,20366,EV,N906EV,2775,11298,1129804,30194,DFW,"Dallas/Fort Worth, TX",TX,48,Texas,74,10781,1078103,30781,BTR,"Baton Rouge, LA",LA,22,Louisiana,72,1845,1840.0,-5.0,0.0,0.0,-1.0,1800-1859,19.0,1859.0,1956.0,6.0,2007,2002.0,-5.0,0.0,0.0,-1.0,2000-2059,0.0,,0.0,82.0,82.0,57.0,1.0,383.0,2,,,,,,,,,0,,,,,,,,,,,,,,,,,,,,,,,,,,,,,,,,,,,,,,,,,,,,,
365098,2015,4,12,18,5,2015-12-18,VX,21171,VX,N837VA,420,12892,1289203,32575,LAX,"Los Angeles, CA",CA,6,California,91,12478,1247803,31703,JFK,"New York, NY",NY,36,New York,22,2310,116.0,126.0,126.0,1.0,8.0,2300-2359,19.0,135.0,900.0,12.0,730,912.0,102.0,102.0,1.0,6.0,0700-0759,0.0,,0.0,320.0,296.0,265.0,1.0,2475.0,10,0.0,0.0,0.0,0.0,102.0,,,,0,,,,,,,,,,,,,,,,,,,,,,,,,,,,,,,,,,,,,,,,,,,,,
460022,2015,4,12,27,7,2015-12-27,WN,19393,WN,N7742B,1623,10693,1069302,30693,BNA,"Nashville, TN",TN,47,Tennessee,54,14683,1468303,33214,SAT,"San Antonio, TX",TX,48,Texas,74,750,749.0,-1.0,0.0,0.0,-1.0,0700-0759,11.0,800.0,1012.0,4.0,1025,1016.0,-9.0,0.0,0.0,-1.0,1000-1059,0.0,,0.0,155.0,147.0,132.0,1.0,822.0,4,,,,,,,,,0,,,,,,,,,,,,,,,,,,,,,,,,,,,,,,,,,,,,,,,,,,,,,
362319,2015,4,12,10,4,2015-12-10,VX,21171,VX,N849VA,406,12892,1289203,32575,LAX,"Los Angeles, CA",CA,6,California,91,12478,1247803,31703,JFK,"New York, NY",NY,36,New York,22,1040,1041.0,1.0,1.0,0.0,0.0,1000-1059,10.0,1051.0,1833.0,25.0,1905,1858.0,-7.0,0.0,0.0,-1.0,1900-1959,0.0,,0.0,325.0,317.0,282.0,1.0,2475.0,10,,,,,,,,,0,,,,,,,,,,,,,,,,,,,,,,,,,,,,,,,,,,,,,,,,,,,,,
341070,2015,4,12,11,5,2015-12-11,MQ,20398,MQ,N650MQ,3603,10599,1059904,30599,BHM,"Birmingham, AL",AL,1,Alabama,51,13303,1330303,32467,MIA,"Miami, FL",FL,12,Florida,33,530,548.0,18.0,18.0,1.0,1.0,0001-0559,20.0,608.0,836.0,6.0,824,842.0,18.0,18.0,1.0,1.0,0800-0859,0.0,,0.0,114.0,114.0,88.0,1.0,661.0,3,0.0,0.0,0.0,18.0,0.0,,,,0,,,,,,,,,,,,,,,,,,,,,,,,,,,,,,,,,,,,,,,,,,,,,
457717,2015,4,12,27,7,2015-12-27,WN,19393,WN,N227WN,856,13342,1334205,33342,MKE,"Milwaukee, WI",WI,55,Wisconsin,45,11278,1127803,30852,DCA,"Washington, DC",VA,51,Virginia,38,640,639.0,-1.0,0.0,0.0,-1.0,0600-0659,26.0,705.0,927.0,4.0,930,931.0,1.0,1.0,0.0,0.0,0900-0959,0.0,,0.0,110.0,112.0,82.0,1.0,634.0,3,,,,,,,,,0,,,,,,,,,,,,,,,,,,,,,,,,,,,,,,,,,,,,,,,,,,,,,
138726,2015,4,12,16,3,2015-12-16,AA,19805,AA,N010AA,1285,13495,1349503,33495,MSY,"New Orleans, LA",LA,22,Louisiana,72,11298,1129804,30194,DFW,"Dallas/Fort Worth, TX",TX,48,Texas,74,1400,1354.0,-6.0,0.0,0.0,-1.0,1400-1459,13.0,1407.0,1526.0,7.0,1542,1533.0,-9.0,0.0,0.0,-1.0,1500-1559,0.0,,0.0,102.0,99.0,79.0,1.0,447.0,2,,,,,,,,,0,,,,,,,,,,,,,,,,,,,,,,,,,,,,,,,,,,,,,,,,,,,,,
5082,2015,4,12,5,6,2015-12-05,DL,19790,DL,N936AT,2393,13487,1348702,31650,MSP,"Minneapolis, MN",MN,27,Minnesota,63,10821,1082103,30852,BWI,"Baltimore, MD",MD,24,Maryland,35,900,900.0,0.0,0.0,0.0,0.0,0900-0959,14.0,914.0,1216.0,7.0,1229,1223.0,-6.0,0.0,0.0,-1.0,1200-1259,0.0,,0.0,149.0,143.0,122.0,1.0,936.0,4,,,,,,,,,0,,,,,,,,,,,,,,,,,,,,,,,,,,,,,,,,,,,,,,,,,,,,,
327210,2015,4,12,22,2,2015-12-22,UA,19977,UA,N779UA,348,13830,1383002,33830,OGG,"Kahului, HI",HI,15,Hawaii,2,13930,1393004,30977,ORD,"Chicago, IL",IL,17,Illinois,41,1710,1737.0,27.0,27.0,1.0,1.0,1700-1759,12.0,1749.0,511.0,8.0,507,519.0,12.0,12.0,0.0,0.0,0001-0559,0.0,,0.0,477.0,462.0,442.0,1.0,4184.0,11,,,,,,,,,0,,,,,,,,,,,,,,,,,,,,,,,,,,,,,,,,,,,,,,,,,,,,,
251332,2015,4,12,15,2,2015-12-15,MQ,20398,MQ,N827MQ,3335,10469,1046902,30469,AZO,"Kalamazoo, MI",MI,26,Michigan,43,13930,1393004,30977,ORD,"Chicago, IL",IL,17,Illinois,41,1429,1423.0,-6.0,0.0,0.0,-1.0,1400-1459,12.0,1435.0,1404.0,14.0,1436,1418.0,-18.0,0.0,0.0,-2.0,1400-1459,0.0,,0.0,67.0,55.0,29.0,1.0,122.0,1,,,,,,,,,0,,,,,,,,,,,,,,,,,,,,,,,,,,,,,,,,,,,,,,,,,,,,,
358740,2015,4,12,4,5,2015-12-04,UA,19977,UA,N38458,1724,12758,1275803,32758,KOA,"Kona, HI",HI,15,Hawaii,2,14771,1477102,32457,SFO,"San Francisco, CA",CA,6,California,91,2200,2151.0,-9.0,0.0,0.0,-1.0,2200-2259,10.0,2201.0,420.0,4.0,507,424.0,-43.0,0.0,0.0,-2.0,0001-0559,0.0,,0.0,307.0,273.0,259.0,1.0,2367.0,10,,,,,,,,,0,,,,,,,,,,,,,,,,,,,,,,,,,,,,,,,,,,,,,,,,,,,,,
436406,2015,4,12,21,1,2015-12-21,WN,19393,WN,N8668A,527,11259,1125903,30194,DAL,"Dallas, TX",TX,48,Texas,74,14679,1467903,33570,SAN,"San Diego, CA",CA,6,California,91,1700,1713.0,13.0,13.0,0.0,0.0,1700-1759,12.0,1725.0,1814.0,4.0,1810,1818.0,8.0,8.0,0.0,0.0,1800-1859,0.0,,0.0,190.0,185.0,169.0,1.0,1182.0,5,,,,,,,,,0,,,,,,,,,,,,,,,,,,,,,,,,,,,,,,,,,,,,,,,,,,,,,
6599,2015,4,12,7,1,2015-12-07,DL,19790,DL,N892AT,923,12892,1289203,32575,LAX,"Los Angeles, CA",CA,6,California,91,12889,1288903,32211,LAS,"Las Vegas, NV",NV,32,Nevada,85,2110,2105.0,-5.0,0.0,0.0,-1.0,2100-2159,15.0,2120.0,2202.0,9.0,2222,2211.0,-11.0,0.0,0.0,-1.0,2200-2259,0.0,,0.0,72.0,66.0,42.0,1.0,236.0,1,,,,,,,,,0,,,,,,,,,,,,,,,,,,,,,,,,,,,,,,,,,,,,,,,,,,,,,
465604,2015,4,12,28,1,2015-12-28,WN,19393,WN,N709SW,119,13198,1319801,33198,MCI,"Kansas City, MO",MO,29,Missouri,64,15016,1501603,31123,STL,"St. Louis, MO",MO,29,Missouri,64,610,,,,,,0600-0659,,,,,715,,,,,,0700-0759,1.0,B,0.0,65.0,,,1.0,237.0,1,,,,,,,,,0,,,,,,,,,,,,,,,,,,,,,,,,,,,,,,,,,,,,,,,,,,,,,
414432,2015,4,12,14,1,2015-12-14,WN,19393,WN,N7813P,2876,10397,1039705,30397,ATL,"Atlanta, GA",GA,13,Georgia,34,13495,1349503,33495,MSY,"New Orleans, LA",LA,22,Louisiana,72,930,939.0,9.0,9.0,0.0,0.0,0900-0959,20.0,959.0,1006.0,4.0,1000,1010.0,10.0,10.0,0.0,0.0,1000-1059,0.0,,0.0,90.0,91.0,67.0,1.0,425.0,2,,,,,,,,,0,,,,,,,,,,,,,,,,,,,,,,,,,,,,,,,,,,,,,,,,,,,,,
388673,2015,4,12,7,1,2015-12-07,WN,19393,WN,N917WN,838,11292,1129202,30325,DEN,"Denver, CO",CO,8,Colorado,82,13891,1389101,32575,ONT,"Ontario, CA",CA,6,California,91,815,816.0,1.0,1.0,0.0,0.0,0800-0859,16.0,832.0,920.0,4.0,930,924.0,-6.0,0.0,0.0,-1.0,0900-0959,0.0,,0.0,135.0,128.0,108.0,1.0,819.0,4,,,,,,,,,0,,,,,,,,,,,,,,,,,,,,,,,,,,,,,,,,,,,,,,,,,,,,,
430041,2015,4,12,19,6,2015-12-19,WN,19393,WN,N560WN,3521,14107,1410702,30466,PHX,"Phoenix, AZ",AZ,4,Arizona,81,10397,1039705,30397,ATL,"Atlanta, GA",GA,13,Georgia,34,610,612.0,2.0,2.0,0.0,0.0,0600-0659,10.0,622.0,1121.0,11.0,1135,1132.0,-3.0,0.0,0.0,-1.0,1100-1159,0.0,,0.0,205.0,200.0,179.0,1.0,1587.0,7,,,,,,,,,0,,,,,,,,,,,,,,,,,,,,,,,,,,,,,,,,,,,,,,,,,,,,,
392346,2015,4,12,26,6,2015-12-26,UA,19977,UA,N64844,856,14771,1477102,32457,SFO,"San Francisco, CA",CA,6,California,91,10821,1082103,30852,BWI,"Baltimore, MD",MD,24,Maryland,35,2302,2259.0,-3.0,0.0,0.0,-1.0,2300-2359,20.0,2319.0,656.0,3.0,708,659.0,-9.0,0.0,0.0,-1.0,0700-0759,0.0,,0.0,306.0,300.0,277.0,1.0,2457.0,10,,,,,,,,,0,,,,,,,,,,,,,,,,,,,,,,,,,,,,,,,,,,,,,,,,,,,,,
84441,2015,4,12,5,6,2015-12-05,EV,20366,EV,N391CA,4889,11433,1143302,31295,DTW,"Detroit, MI",MI,26,Michigan,43,13495,1349503,33495,MSY,"New Orleans, LA",LA,22,Louisiana,72,1222,1223.0,1.0,1.0,0.0,0.0,1200-1259,27.0,1250.0,1357.0,4.0,1409,1401.0,-8.0,0.0,0.0,-1.0,1400-1459,0.0,,0.0,167.0,158.0,127.0,1.0,926.0,4,,,,,,,,,0,,,,,,,,,,,,,,,,,,,,,,,,,,,,,,,,,,,,,,,,,,,,,
30358,2015,4,12,17,4,2015-12-17,DL,19790,DL,N329NB,2611,13495,1349503,33495,MSY,"New Orleans, LA",LA,22,Louisiana,72,12478,1247803,31703,JFK,"New York, NY",NY,36,New York,22,1820,1857.0,37.0,37.0,1.0,2.0,1800-1859,19.0,1916.0,2228.0,12.0,2216,2240.0,24.0,24.0,1.0,1.0,2200-2259,0.0,,0.0,176.0,163.0,132.0,1.0,1182.0,5,1.0,0.0,8.0,0.0,15.0,,,,0,,,,,,,,,,,,,,,,,,,,,,,,,,,,,,,,,,,,,,,,,,,,,
315052,2015,4,12,13,7,2015-12-13,OO,20304,OO,N105SY,6390,13198,1319801,33198,MCI,"Kansas City, MO",MO,29,Missouri,64,14771,1477102,32457,SFO,"San Francisco, CA",CA,6,California,91,1715,1719.0,4.0,4.0,0.0,0.0,1700-1759,17.0,1736.0,1916.0,7.0,1919,1923.0,4.0,4.0,0.0,0.0,1900-1959,0.0,,0.0,244.0,244.0,220.0,1.0,1499.0,6,,,,,,,,,0,,,,,,,,,,,,,,,,,,,,,,,,,,,,,,,,,,,,,,,,,,,,,
282517,2015,4,12,2,3,2015-12-02,OO,20304,OO,N8903A,4519,10627,1062702,30627,BIS,"Bismarck/Mandan, ND",ND,38,North Dakota,66,13487,1348702,31650,MSP,"Minneapolis, MN",MN,27,Minnesota,63,1512,1503.0,-9.0,0.0,0.0,-1.0,1500-1559,17.0,1520.0,1626.0,5.0,1637,1631.0,-6.0,0.0,0.0,-1.0,1600-1659,0.0,,0.0,85.0,88.0,66.0,1.0,386.0,2,,,,,,,,,0,,,,,,,,,,,,,,,,,,,,,,,,,,,,,,,,,,,,,,,,,,,,,
443356,2015,4,12,22,2,2015-12-22,WN,19393,WN,N207WN,258,15304,1530402,33195,TPA,"Tampa, FL",FL,12,Florida,33,14492,1449202,34492,RDU,"Raleigh/Durham, NC",NC,37,North Carolina,36,900,900.0,0.0,0.0,0.0,0.0,0900-0959,8.0,908.0,1029.0,5.0,1040,1034.0,-6.0,0.0,0.0,-1.0,1000-1059,0.0,,0.0,100.0,94.0,81.0,1.0,587.0,3,,,,,,,,,0,,,,,,,,,,,,,,,,,,,,,,,,,,,,,,,,,,,,,,,,,,,,,
267883,2015,4,12,30,3,2015-12-30,NK,20416,NK,N620NK,895,11697,1169704,32467,FLL,"Fort Lauderdale, FL",FL,12,Florida,33,14843,1484304,34819,SJU,"San Juan, PR",PR,72,Puerto Rico,3,530,526.0,-4.0,0.0,0.0,-1.0,0001-0559,17.0,543.0,849.0,3.0,855,852.0,-3.0,0.0,0.0,-1.0,0800-0859,0.0,,0.0,145.0,146.0,126.0,1.0,1046.0,5,,,,,,,,,0,,,,,,,,,,,,,,,,,,,,,,,,,,,,,,,,,,,,,,,,,,,,,
298378,2015,4,12,22,2,2015-12-22,F9,20436,F9,N954FR,915,15356,1535602,35356,TTN,"Trenton, NJ",NJ,34,New Jersey,21,13930,1393004,30977,ORD,"Chicago, IL",IL,17,Illinois,41,1250,1249.0,-1.0,0.0,0.0,-1.0,1200-1259,12.0,1301.0,1350.0,29.0,1420,1419.0,-1.0,0.0,0.0,-1.0,1400-1459,0.0,,0.0,150.0,150.0,109.0,1.0,693.0,3,,,,,,,,,0,,,,,,,,,,,,,,,,,,,,,,,,,,,,,,,,,,,,,,,,,,,,,
104231,2015,4,12,25,5,2015-12-25,EV,20366,EV,N12569,6172,13930,1393004,30977,ORD,"Chicago, IL",IL,17,Illinois,41,11986,1198603,31986,GRR,"Grand Rapids, MI",MI,26,Michigan,43,1404,1420.0,16.0,16.0,1.0,1.0,1400-1459,11.0,1431.0,1555.0,6.0,1606,1601.0,-5.0,0.0,0.0,-1.0,1600-1659,0.0,,0.0,62.0,41.0,24.0,1.0,137.0,1,,,,,,,,,0,,,,,,,,,,,,,,,,,,,,,,,,,,,,,,,,,,,,,,,,,,,,,
449233,2015,4,12,23,3,2015-12-23,WN,19393,WN,N755SA,2893,15016,1501603,31123,STL,"St. Louis, MO",MO,29,Missouri,64,13495,1349503,33495,MSY,"New Orleans, LA",LA,22,Louisiana,72,1040,1039.0,-1.0,0.0,0.0,-1.0,1000-1059,10.0,1049.0,1223.0,21.0,1225,1244.0,19.0,19.0,1.0,1.0,1200-1259,0.0,,0.0,105.0,125.0,94.0,1.0,604.0,3,0.0,0.0,19.0,0.0,0.0,,,,0,,,,,,,,,,,,,,,,,,,,,,,,,,,,,,,,,,,,,,,,,,,,,
163776,2015,4,12,8,2,2015-12-08,AA,19805,AA,N535UW,2057,12478,1247803,31703,JFK,"New York, NY",NY,36,New York,22,11057,1105703,31057,CLT,"Charlotte, NC",NC,37,North Carolina,36,630,633.0,3.0,3.0,0.0,0.0,0600-0659,19.0,652.0,821.0,5.0,836,826.0,-10.0,0.0,0.0,-1.0,0800-0859,0.0,,0.0,126.0,113.0,89.0,1.0,541.0,3,,,,,,,,,0,,,,,,,,,,,,,,,,,,,,,,,,,,,,,,,,,,,,,,,,,,,,,
7337,2015,4,12,8,2,2015-12-08,DL,19790,DL,N950AT,1227,12953,1295302,31703,LGA,"New York, NY",NY,36,New York,22,11697,1169704,32467,FLL,"Fort Lauderdale, FL",FL,12,Florida,33,905,903.0,-2.0,0.0,0.0,-1.0,0900-0959,36.0,939.0,1216.0,3.0,1235,1219.0,-16.0,0.0,0.0,-2.0,1200-1259,0.0,,0.0,210.0,196.0,157.0,1.0,1076.0,5,,,,,,,,,0,,,,,,,,,,,,,,,,,,,,,,,,,,,,,,,,,,,,,,,,,,,,,
130849,2015,4,12,13,7,2015-12-13,AA,19805,AA,N859AA,298,12173,1217302,32134,HNL,"Honolulu, HI",HI,15,Hawaii,2,12892,1289203,32575,LAX,"Los Angeles, CA",CA,6,California,91,2225,2216.0,-9.0,0.0,0.0,-1.0,2200-2259,18.0,2234.0,515.0,6.0,550,521.0,-29.0,0.0,0.0,-2.0,0001-0559,0.0,,0.0,325.0,305.0,281.0,1.0,2556.0,11,,,,,,,,,0,,,,,,,,,,,,,,,,,,,,,,,,,,,,,,,,,,,,,,,,,,,,,
187211,2015,4,12,28,1,2015-12-28,AA,19805,AA,N805AW,1763,11057,1105703,31057,CLT,"Charlotte, NC",NC,37,North Carolina,36,13931,1393102,33667,ORF,"Norfolk, VA",VA,51,Virginia,38,1800,1849.0,49.0,49.0,1.0,3.0,1800-1859,13.0,1902.0,1947.0,5.0,1907,1952.0,45.0,45.0,1.0,3.0,1900-1959,0.0,,0.0,67.0,63.0,45.0,1.0,290.0,2,40.0,0.0,0.0,0.0,5.0,,,,0,,,,,,,,,,,,,,,,,,,,,,,,,,,,,,,,,,,,,,,,,,,,,
375302,2015,4,12,1,2,2015-12-01,WN,19393,WN,N733SA,440,13232,1323202,30977,MDW,"Chicago, IL",IL,17,Illinois,41,11423,1142304,31423,DSM,"Des Moines, IA",IA,19,Iowa,61,2155,2158.0,3.0,3.0,0.0,0.0,2100-2159,13.0,2211.0,2305.0,5.0,2310,2310.0,0.0,0.0,0.0,0.0,2300-2359,0.0,,0.0,75.0,72.0,54.0,1.0,306.0,2,,,,,,,,,0,,,,,,,,,,,,,,,,,,,,,,,,,,,,,,,,,,,,,,,,,,,,,
444731,2015,4,12,23,3,2015-12-23,WN,19393,WN,N7728D,223,12889,1288903,32211,LAS,"Las Vegas, NV",NV,32,Nevada,85,14679,1467903,33570,SAN,"San Diego, CA",CA,6,California,91,610,604.0,-6.0,0.0,0.0,-1.0,0600-0659,13.0,617.0,700.0,6.0,715,706.0,-9.0,0.0,0.0,-1.0,0700-0759,0.0,,0.0,65.0,62.0,43.0,1.0,258.0,2,,,,,,,,,0,,,,,,,,,,,,,,,,,,,,,,,,,,,,,,,,,,,,,,,,,,,,,
205719,2015,4,12,1,2,2015-12-01,B6,20409,B6,N228JB,917,10721,1072102,30721,BOS,"Boston, MA",MA,25,Massachusetts,13,12478,1247803,31703,JFK,"New York, NY",NY,36,New York,22,549,548.0,-1.0,0.0,0.0,-1.0,0001-0559,12.0,600.0,644.0,4.0,700,648.0,-12.0,0.0,0.0,-1.0,0700-0759,0.0,,0.0,71.0,60.0,44.0,1.0,187.0,1,,,,,,,,,0,,,,,,,,,,,,,,,,,,,,,,,,,,,,,,,,,,,,,,,,,,,,,
53919,2015,4,12,3,4,2015-12-03,DL,19790,DL,N975DL,2415,10397,1039705,30397,ATL,"Atlanta, GA",GA,13,Georgia,34,11618,1161802,31703,EWR,"Newark, NJ",NJ,34,New Jersey,21,2200,2200.0,0.0,0.0,0.0,0.0,2200-2259,15.0,2215.0,2346.0,8.0,8,2354.0,-14.0,0.0,0.0,-1.0,0001-0559,0.0,,0.0,128.0,114.0,91.0,1.0,746.0,3,,,,,,,,,0,,,,,,,,,,,,,,,,,,,,,,,,,,,,,,,,,,,,,,,,,,,,,
55428,2015,4,12,27,7,2015-12-27,DL,19790,DL,N946DL,2465,10529,1052904,30529,BDL,"Hartford, CT",CT,9,Connecticut,11,10397,1039705,30397,ATL,"Atlanta, GA",GA,13,Georgia,34,1525,1522.0,-3.0,0.0,0.0,-1.0,1500-1559,22.0,1544.0,1754.0,8.0,1815,1802.0,-13.0,0.0,0.0,-1.0,1800-1859,0.0,,0.0,170.0,160.0,130.0,1.0,859.0,4,,,,,,,,,0,,,,,,,,,,,,,,,,,,,,,,,,,,,,,,,,,,,,,,,,,,,,,
415254,2015,4,12,14,1,2015-12-14,WN,19393,WN,N964WN,1520,14679,1467903,33570,SAN,"San Diego, CA",CA,6,California,91,12889,1288903,32211,LAS,"Las Vegas, NV",NV,32,Nevada,85,1635,1635.0,0.0,0.0,0.0,0.0,1600-1659,11.0,1646.0,1732.0,6.0,1750,1738.0,-12.0,0.0,0.0,-1.0,1700-1759,0.0,,0.0,75.0,63.0,46.0,1.0,258.0,2,,,,,,,,,0,,,,,,,,,,,,,,,,,,,,,,,,,,,,,,,,,,,,,,,,,,,,,
142834,2015,4,12,14,1,2015-12-14,AA,19805,AA,N3EBAA,1375,12889,1288903,32211,LAS,"Las Vegas, NV",NV,32,Nevada,85,12892,1289203,32575,LAX,"Los Angeles, CA",CA,6,California,91,1015,1009.0,-6.0,0.0,0.0,-1.0,1000-1059,20.0,1029.0,1114.0,7.0,1129,1121.0,-8.0,0.0,0.0,-1.0,1100-1159,0.0,,0.0,74.0,72.0,45.0,1.0,236.0,1,,,,,,,,,0,,,,,,,,,,,,,,,,,,,,,,,,,,,,,,,,,,,,,,,,,,,,,
95657,2015,4,12,17,4,2015-12-17,DL,19790,DL,N301NB,1923,12953,1295302,31703,LGA,"New York, NY",NY,36,New York,22,13303,1330303,32467,MIA,"Miami, FL",FL,12,Florida,33,1329,1328.0,-1.0,0.0,0.0,-1.0,1300-1359,17.0,1345.0,1631.0,17.0,1650,1648.0,-2.0,0.0,0.0,-1.0,1600-1659,0.0,,0.0,201.0,200.0,166.0,1.0,1096.0,5,,,,,,,,,0,,,,,,,,,,,,,,,,,,,,,,,,,,,,,,,,,,,,,,,,,,,,,
44613,2015,4,12,24,4,2015-12-24,DL,19790,DL,N930AT,2220,12889,1288903,32211,LAS,"Las Vegas, NV",NV,32,Nevada,85,14869,1486903,34614,SLC,"Salt Lake City, UT",UT,49,Utah,87,630,622.0,-8.0,0.0,0.0,-1.0,0600-0659,23.0,645.0,846.0,7.0,851,853.0,2.0,2.0,0.0,0.0,0800-0859,0.0,,0.0,81.0,91.0,61.0,1.0,368.0,2,,,,,,,,,0,,,,,,,,,,,,,,,,,,,,,,,,,,,,,,,,,,,,,,,,,,,,,
382090,2015,4,12,5,6,2015-12-05,WN,19393,WN,N903WN,3729,14107,1410702,30466,PHX,"Phoenix, AZ",AZ,4,Arizona,81,11066,1106603,31066,CMH,"Columbus, OH",OH,39,Ohio,44,1015,1015.0,0.0,0.0,0.0,0.0,1000-1059,22.0,1037.0,1555.0,5.0,1555,1600.0,5.0,5.0,0.0,0.0,1500-1559,0.0,,0.0,220.0,225.0,198.0,1.0,1670.0,7,,,,,,,,,0,,,,,,,,,,,,,,,,,,,,,,,,,,,,,,,,,,,,,,,,,,,,,
375666,2015,4,12,2,3,2015-12-02,WN,19393,WN,N291WN,2870,11259,1125903,30194,DAL,"Dallas, TX",TX,48,Texas,74,14679,1467903,33570,SAN,"San Diego, CA",CA,6,California,91,1205,1207.0,2.0,2.0,0.0,0.0,1200-1259,8.0,1215.0,1300.0,3.0,1315,1303.0,-12.0,0.0,0.0,-1.0,1300-1359,0.0,,0.0,190.0,176.0,165.0,1.0,1182.0,5,,,,,,,,,0,,,,,,,,,,,,,,,,,,,,,,,,,,,,,,,,,,,,,,,,,,,,,
20608,2015,4,12,14,1,2015-12-14,DL,19790,DL,N947DL,1111,10397,1039705,30397,ATL,"Atlanta, GA",GA,13,Georgia,34,14576,1457604,34576,ROC,"Rochester, NY",NY,36,New York,22,2050,2048.0,-2.0,0.0,0.0,-1.0,2000-2059,15.0,2103.0,2232.0,6.0,2302,2238.0,-24.0,0.0,0.0,-2.0,2300-2359,0.0,,0.0,132.0,110.0,89.0,1.0,749.0,3,,,,,,,,,0,,,,,,,,,,,,,,,,,,,,,,,,,,,,,,,,,,,,,,,,,,,,,
165219,2015,4,12,9,3,2015-12-09,AA,19805,AA,N127UW,2079,12953,1295302,31703,LGA,"New York, NY",NY,36,New York,22,11057,1105703,31057,CLT,"Charlotte, NC",NC,37,North Carolina,36,1555,1550.0,-5.0,0.0,0.0,-1.0,1500-1559,15.0,1605.0,1736.0,7.0,1802,1743.0,-19.0,0.0,0.0,-2.0,1800-1859,0.0,,0.0,127.0,113.0,91.0,1.0,544.0,3,,,,,,,,,0,,,,,,,,,,,,,,,,,,,,,,,,,,,,,,,,,,,,,,,,,,,,,
147576,2015,4,12,29,2,2015-12-29,AA,19805,AA,N475AA,2303,11292,1129202,30325,DEN,"Denver, CO",CO,8,Colorado,82,13930,1393004,30977,ORD,"Chicago, IL",IL,17,Illinois,41,1720,1726.0,6.0,6.0,0.0,0.0,1700-1759,14.0,1740.0,2039.0,13.0,2052,2052.0,0.0,0.0,0.0,0.0,2000-2059,0.0,,0.0,152.0,146.0,119.0,1.0,888.0,4,,,,,,,,,0,,,,,,,,,,,,,,,,,,,,,,,,,,,,,,,,,,,,,,,,,,,,,
180988,2015,4,12,20,7,2015-12-20,AA,19805,AA,N507AY,1757,14107,1410702,30466,PHX,"Phoenix, AZ",AZ,4,Arizona,81,13204,1320402,31454,MCO,"Orlando, FL",FL,12,Florida,33,59,59.0,0.0,0.0,0.0,0.0,0001-0559,16.0,115.0,642.0,6.0,652,648.0,-4.0,0.0,0.0,-1.0,0600-0659,0.0,,0.0,233.0,229.0,207.0,1.0,1849.0,8,,,,,,,,,0,,,,,,,,,,,,,,,,,,,,,,,,,,,,,,,,,,,,,,,,,,,,,
438009,2015,4,12,3,4,2015-12-03,UA,19977,UA,N33286,635,13930,1393004,30977,ORD,"Chicago, IL",IL,17,Illinois,41,14747,1474703,30559,SEA,"Seattle, WA",WA,53,Washington,93,905,903.0,-2.0,0.0,0.0,-1.0,0900-0959,13.0,916.0,1103.0,9.0,1143,1112.0,-31.0,0.0,0.0,-2.0,1100-1159,0.0,,0.0,278.0,249.0,227.0,1.0,1721.0,7,,,,,,,,,0,,,,,,,,,,,,,,,,,,,,,,,,,,,,,,,,,,,,,,,,,,,,,
240633,2015,4,12,6,7,2015-12-06,MQ,20398,MQ,N665MQ,3088,14783,1478302,34783,SGF,"Springfield, MO",MO,29,Missouri,64,13930,1393004,30977,ORD,"Chicago, IL",IL,17,Illinois,41,1542,1554.0,12.0,12.0,0.0,0.0,1500-1559,12.0,1606.0,1718.0,15.0,1726,1733.0,7.0,7.0,0.0,0.0,1700-1759,0.0,,0.0,104.0,99.0,72.0,1.0,438.0,2,,,,,,,,,0,,,,,,,,,,,,,,,,,,,,,,,,,,,,,,,,,,,,,,,,,,,,,
247156,2015,4,12,21,1,2015-12-21,MQ,20398,MQ,N907MQ,3306,11298,1129804,30194,DFW,"Dallas/Fort Worth, TX",TX,48,Texas,74,10627,1062702,30627,BIS,"Bismarck/Mandan, ND",ND,38,North Dakota,66,1830,1831.0,1.0,1.0,0.0,0.0,1800-1859,20.0,1851.0,2107.0,3.0,2121,2110.0,-11.0,0.0,0.0,-1.0,2100-2159,0.0,,0.0,171.0,159.0,136.0,1.0,977.0,4,,,,,,,,,0,,,,,,,,,,,,,,,,,,,,,,,,,,,,,,,,,,,,,,,,,,,,,
412354,2015,4,12,14,1,2015-12-14,WN,19393,WN,N201LV,2980,12892,1289203,32575,LAX,"Los Angeles, CA",CA,6,California,91,14831,1483103,32457,SJC,"San Jose, CA",CA,6,California,91,1705,1705.0,0.0,0.0,0.0,0.0,1700-1759,12.0,1717.0,1812.0,3.0,1810,1815.0,5.0,5.0,0.0,0.0,1800-1859,0.0,,0.0,65.0,70.0,55.0,1.0,308.0,2,,,,,,,,,0,,,,,,,,,,,,,,,,,,,,,,,,,,,,,,,,,,,,,,,,,,,,,
68748,2015,4,12,7,1,2015-12-07,EV,20366,EV,N880AS,2815,11298,1129804,30194,DFW,"Dallas/Fort Worth, TX",TX,48,Texas,74,12448,1244805,32448,JAN,"Jackson/Vicksburg, MS",MS,28,Mississippi,53,1050,1044.0,-6.0,0.0,0.0,-1.0,1000-1059,17.0,1101.0,1200.0,3.0,1213,1203.0,-10.0,0.0,0.0,-1.0,1200-1259,0.0,,0.0,83.0,79.0,59.0,1.0,408.0,2,,,,,,,,,0,,,,,,,,,,,,,,,,,,,,,,,,,,,,,,,,,,,,,,,,,,,,,
289719,2015,4,12,22,2,2015-12-22,OO,20304,OO,N608SK,4725,15041,1504102,35041,SUN,"Sun Valley/Hailey/Ketchum, ID",ID,16,Idaho,83,14869,1486903,34614,SLC,"Salt Lake City, UT",UT,49,Utah,87,1759,2005.0,126.0,126.0,1.0,8.0,1700-1759,5.0,2010.0,2047.0,6.0,1901,2053.0,112.0,112.0,1.0,7.0,1900-1959,0.0,,0.0,62.0,48.0,37.0,1.0,222.0,1,0.0,0.0,0.0,0.0,112.0,,,,0,,,,,,,,,,,,,,,,,,,,,,,,,,,,,,,,,,,,,,,,,,,,,
268264,2015,4,12,6,7,2015-12-06,NK,20416,NK,N659NK,936,14635,1463502,31714,RSW,"Fort Myers, FL",FL,12,Florida,33,10158,1015804,30158,ACY,"Atlantic City, NJ",NJ,34,New Jersey,21,958,949.0,-9.0,0.0,0.0,-1.0,0900-0959,7.0,956.0,1158.0,3.0,1215,1201.0,-14.0,0.0,0.0,-1.0,1200-1259,0.0,,0.0,137.0,132.0,122.0,1.0,982.0,4,,,,,,,,,0,,,,,,,,,,,,,,,,,,,,,,,,,,,,,,,,,,,,,,,,,,,,,
273117,2015,4,12,17,4,2015-12-17,OO,20304,OO,N906SW,2961,16218,1621801,33785,YUM,"Yuma, AZ",AZ,4,Arizona,81,14107,1410702,30466,PHX,"Phoenix, AZ",AZ,4,Arizona,81,1255,1245.0,-10.0,0.0,0.0,-1.0,1200-1259,6.0,1251.0,1319.0,8.0,1353,1327.0,-26.0,0.0,0.0,-2.0,1300-1359,0.0,,0.0,58.0,42.0,28.0,1.0,160.0,1,,,,,,,,,0,,,,,,,,,,,,,,,,,,,,,,,,,,,,,,,,,,,,,,,,,,,,,
159248,2015,4,12,5,6,2015-12-05,AA,19805,AA,N3GJAA,2616,10721,1072102,30721,BOS,"Boston, MA",MA,25,Massachusetts,13,12478,1247803,31703,JFK,"New York, NY",NY,36,New York,22,1800,1752.0,-8.0,0.0,0.0,-1.0,1800-1859,13.0,1805.0,1846.0,9.0,1924,1855.0,-29.0,0.0,0.0,-2.0,1900-1959,0.0,,0.0,84.0,63.0,41.0,1.0,187.0,1,,,,,,,,,0,,,,,,,,,,,,,,,,,,,,,,,,,,,,,,,,,,,,,,,,,,,,,
451396,2015,4,12,26,6,2015-12-26,WN,19393,WN,N230WN,6179,10423,1042302,30423,AUS,"Austin, TX",TX,48,Texas,74,11292,1129202,30325,DEN,"Denver, CO",CO,8,Colorado,82,935,931.0,-4.0,0.0,0.0,-1.0,0900-0959,7.0,938.0,1020.0,6.0,1050,1026.0,-24.0,0.0,0.0,-2.0,1000-1059,0.0,,0.0,135.0,115.0,102.0,1.0,775.0,4,,,,,,,,,0,,,,,,,,,,,,,,,,,,,,,,,,,,,,,,,,,,,,,,,,,,,,,
134856,2015,4,12,13,7,2015-12-13,AA,19805,AA,N3CGAA,1126,14893,1489302,33192,SMF,"Sacramento, CA",CA,6,California,91,11298,1129804,30194,DFW,"Dallas/Fort Worth, TX",TX,48,Texas,74,710,708.0,-2.0,0.0,0.0,-1.0,0700-0759,18.0,726.0,1209.0,15.0,1236,1224.0,-12.0,0.0,0.0,-1.0,1200-1259,0.0,,0.0,206.0,196.0,163.0,1.0,1431.0,6,,,,,,,,,0,,,,,,,,,,,,,,,,,,,,,,,,,,,,,,,,,,,,,,,,,,,,,
19147,2015,4,12,13,7,2015-12-13,DL,19790,DL,N918DH,1562,10397,1039705,30397,ATL,"Atlanta, GA",GA,13,Georgia,34,13487,1348702,31650,MSP,"Minneapolis, MN",MN,27,Minnesota,63,2205,2200.0,-5.0,0.0,0.0,-1.0,2200-2259,19.0,2219.0,2314.0,3.0,2344,2317.0,-27.0,0.0,0.0,-2.0,2300-2359,0.0,,0.0,159.0,137.0,115.0,1.0,907.0,4,,,,,,,,,0,,,,,,,,,,,,,,,,,,,,,,,,,,,,,,,,,,,,,,,,,,,,,
42510,2015,4,12,21,1,2015-12-21,DL,19790,DL,N353NW,2594,12953,1295302,31703,LGA,"New York, NY",NY,36,New York,22,11292,1129202,30325,DEN,"Denver, CO",CO,8,Colorado,82,830,825.0,-5.0,0.0,0.0,-1.0,0800-0859,17.0,842.0,1038.0,8.0,1120,1046.0,-34.0,0.0,0.0,-2.0,1100-1159,0.0,,0.0,290.0,261.0,236.0,1.0,1620.0,7,,,,,,,,,0,,,,,,,,,,,,,,,,,,,,,,,,,,,,,,,,,,,,,,,,,,,,,
93896,2015,4,12,8,2,2015-12-08,EV,20366,EV,N135EV,5293,12448,1244805,32448,JAN,"Jackson/Vicksburg, MS",MS,28,Mississippi,53,10397,1039705,30397,ATL,"Atlanta, GA",GA,13,Georgia,34,909,903.0,-6.0,0.0,0.0,-1.0,0900-0959,11.0,914.0,1109.0,7.0,1130,1116.0,-14.0,0.0,0.0,-1.0,1100-1159,0.0,,0.0,81.0,73.0,55.0,1.0,341.0,2,,,,,,,,,0,,,,,,,,,,,,,,,,,,,,,,,,,,,,,,,,,,,,,,,,,,,,,
101822,2015,4,12,4,5,2015-12-04,EV,20366,EV,N12175,5994,13930,1393004,30977,ORD,"Chicago, IL",IL,17,Illinois,41,10599,1059904,30599,BHM,"Birmingham, AL",AL,1,Alabama,51,1220,1216.0,-4.0,0.0,0.0,-1.0,1200-1259,39.0,1255.0,1420.0,8.0,1411,1428.0,17.0,17.0,1.0,1.0,1400-1459,0.0,,0.0,111.0,132.0,85.0,1.0,584.0,3,0.0,0.0,17.0,0.0,0.0,,,,0,,,,,,,,,,,,,,,,,,,,,,,,,,,,,,,,,,,,,,,,,,,,,
99588,2015,4,12,19,6,2015-12-19,EV,20366,EV,N131EV,5531,10397,1039705,30397,ATL,"Atlanta, GA",GA,13,Georgia,34,11775,1177502,31775,FSD,"Sioux Falls, SD",SD,46,South Dakota,67,1957,1951.0,-6.0,0.0,0.0,-1.0,1900-1959,18.0,2009.0,2140.0,8.0,2144,2148.0,4.0,4.0,0.0,0.0,2100-2159,0.0,,0.0,167.0,177.0,151.0,1.0,954.0,4,,,,,,,,,0,,,,,,,,,,,,,,,,,,,,,,,,,,,,,,,,,,,,,,,,,,,,,
357693,2015,4,12,2,3,2015-12-02,UA,19977,UA,N805UA,203,13930,1393004,30977,ORD,"Chicago, IL",IL,17,Illinois,41,13487,1348702,31650,MSP,"Minneapolis, MN",MN,27,Minnesota,63,916,916.0,0.0,0.0,0.0,0.0,0900-0959,19.0,935.0,1030.0,9.0,1050,1039.0,-11.0,0.0,0.0,-1.0,1000-1059,0.0,,0.0,94.0,83.0,55.0,1.0,334.0,2,,,,,,,,,0,,,,,,,,,,,,,,,,,,,,,,,,,,,,,,,,,,,,,,,,,,,,,
91688,2015,4,12,16,3,2015-12-16,EV,20366,EV,N607LR,5143,13931,1393102,33667,ORF,"Norfolk, VA",VA,51,Virginia,38,11433,1143302,31295,DTW,"Detroit, MI",MI,26,Michigan,43,550,548.0,-2.0,0.0,0.0,-1.0,0001-0559,13.0,601.0,737.0,8.0,754,745.0,-9.0,0.0,0.0,-1.0,0700-0759,0.0,,0.0,124.0,117.0,96.0,1.0,529.0,3,,,,,,,,,0,,,,,,,,,,,,,,,,,,,,,,,,,,,,,,,,,,,,,,,,,,,,,
462474,2015,4,12,7,1,2015-12-07,WN,19393,WN,N794SW,1794,12892,1289203,32575,LAX,"Los Angeles, CA",CA,6,California,91,13198,1319801,33198,MCI,"Kansas City, MO",MO,29,Missouri,64,845,904.0,19.0,19.0,1.0,1.0,0800-0859,7.0,911.0,1405.0,4.0,1355,1409.0,14.0,14.0,0.0,0.0,1300-1359,0.0,,0.0,190.0,185.0,174.0,1.0,1363.0,6,,,,,,,,,0,,,,,,,,,,,,,,,,,,,,,,,,,,,,,,,,,,,,,,,,,,,,,
373901,2015,4,12,24,4,2015-12-24,OO,20304,OO,N959SW,6255,13851,1385103,33851,OKC,"Oklahoma City, OK",OK,40,Oklahoma,73,11292,1129202,30325,DEN,"Denver, CO",CO,8,Colorado,82,1335,1331.0,-4.0,0.0,0.0,-1.0,1300-1359,18.0,1349.0,1415.0,7.0,1423,1422.0,-1.0,0.0,0.0,-1.0,1400-1459,0.0,,0.0,108.0,111.0,86.0,1.0,495.0,2,,,,,,,,,0,,,,,,,,,,,,,,,,,,,,,,,,,,,,,,,,,,,,,,,,,,,,,
46706,2015,4,12,26,6,2015-12-26,DL,19790,DL,N947AT,1767,11721,1172103,31721,FNT,"Flint, MI",MI,26,Michigan,43,10397,1039705,30397,ATL,"Atlanta, GA",GA,13,Georgia,34,1205,1209.0,4.0,4.0,0.0,0.0,1200-1259,8.0,1217.0,1408.0,8.0,1420,1416.0,-4.0,0.0,0.0,-1.0,1400-1459,0.0,,0.0,135.0,127.0,111.0,1.0,645.0,3,,,,,,,,,0,,,,,,,,,,,,,,,,,,,,,,,,,,,,,,,,,,,,,,,,,,,,,
91023,2015,4,12,18,5,2015-12-18,EV,20366,EV,N926EV,5161,10397,1039705,30397,ATL,"Atlanta, GA",GA,13,Georgia,34,15607,1560702,35550,VLD,"Valdosta, GA",GA,13,Georgia,34,1453,1444.0,-9.0,0.0,0.0,-1.0,1400-1459,18.0,1502.0,1536.0,3.0,1555,1539.0,-16.0,0.0,0.0,-2.0,1500-1559,0.0,,0.0,62.0,55.0,34.0,1.0,208.0,1,,,,,,,,,0,,,,,,,,,,,,,,,,,,,,,,,,,,,,,,,,,,,,,,,,,,,,,
57822,2015,4,12,30,3,2015-12-30,DL,19790,DL,N959DN,1858,10397,1039705,30397,ATL,"Atlanta, GA",GA,13,Georgia,34,10423,1042302,30423,AUS,"Austin, TX",TX,48,Texas,74,1000,1223.0,143.0,143.0,1.0,9.0,1000-1059,23.0,1246.0,1353.0,3.0,1138,1356.0,138.0,138.0,1.0,9.0,1100-1159,0.0,,0.0,158.0,153.0,127.0,1.0,813.0,4,0.0,49.0,0.0,0.0,89.0,,,,0,,,,,,,,,,,,,,,,,,,,,,,,,,,,,,,,,,,,,,,,,,,,,
274689,2015,4,12,18,5,2015-12-18,OO,20304,OO,N174SY,3439,10423,1042302,30423,AUS,"Austin, TX",TX,48,Texas,74,14057,1405702,34057,PDX,"Portland, OR",OR,41,Oregon,92,1635,1622.0,-13.0,0.0,0.0,-1.0,1600-1659,12.0,1634.0,1838.0,4.0,1903,1842.0,-21.0,0.0,0.0,-2.0,1900-1959,0.0,,0.0,268.0,260.0,244.0,1.0,1715.0,7,,,,,,,,,0,,,,,,,,,,,,,,,,,,,,,,,,,,,,,,,,,,,,,,,,,,,,,
47443,2015,4,12,19,6,2015-12-19,DL,19790,DL,N394DL,431,12478,1247803,31703,JFK,"New York, NY",NY,36,New York,22,12892,1289203,32575,LAX,"Los Angeles, CA",CA,6,California,91,1345,1350.0,5.0,5.0,0.0,0.0,1300-1359,14.0,1404.0,1656.0,5.0,1720,1701.0,-19.0,0.0,0.0,-2.0,1700-1759,0.0,,0.0,395.0,371.0,352.0,1.0,2475.0,10,,,,,,,,,0,,,,,,,,,,,,,,,,,,,,,,,,,,,,,,,,,,,,,,,,,,,,,
457743,2015,4,12,27,7,2015-12-27,WN,19393,WN,N7701B,822,13342,1334205,33342,MKE,"Milwaukee, WI",WI,55,Wisconsin,45,15016,1501603,31123,STL,"St. Louis, MO",MO,29,Missouri,64,715,752.0,37.0,37.0,1.0,2.0,0700-0759,11.0,803.0,859.0,5.0,845,904.0,19.0,19.0,1.0,1.0,0800-0859,0.0,,0.0,90.0,72.0,56.0,1.0,317.0,2,19.0,0.0,0.0,0.0,0.0,,,,0,,,,,,,,,,,,,,,,,,,,,,,,,,,,,,,,,,,,,,,,,,,,,
125512,2015,4,12,11,5,2015-12-11,AA,19805,AA,N3JSAA,316,13303,1330303,32467,MIA,"Miami, FL",FL,12,Florida,33,14843,1484304,34819,SJU,"San Juan, PR",PR,72,Puerto Rico,3,2134,2135.0,1.0,1.0,0.0,0.0,2100-2159,23.0,2158.0,104.0,5.0,114,109.0,-5.0,0.0,0.0,-1.0,0001-0559,0.0,,0.0,160.0,154.0,126.0,1.0,1045.0,5,,,,,,,,,0,,,,,,,,,,,,,,,,,,,,,,,,,,,,,,,,,,,,,,,,,,,,,
335967,2015,4,12,18,5,2015-12-18,UA,19977,UA,N855UA,720,13256,1325602,33256,MFE,"Mission/McAllen/Edinburg, TX",TX,48,Texas,74,12266,1226603,31453,IAH,"Houston, TX",TX,48,Texas,74,1052,1049.0,-3.0,0.0,0.0,-1.0,1000-1059,10.0,1059.0,1154.0,4.0,1210,1158.0,-12.0,0.0,0.0,-1.0,1200-1259,0.0,,0.0,78.0,69.0,55.0,1.0,316.0,2,,,,,,,,,0,,,,,,,,,,,,,,,,,,,,,,,,,,,,,,,,,,,,,,,,,,,,,
292864,2015,4,12,10,4,2015-12-10,OO,20304,OO,N762SK,4982,12892,1289203,32575,LAX,"Los Angeles, CA",CA,6,California,91,11298,1129804,30194,DFW,"Dallas/Fort Worth, TX",TX,48,Texas,74,2006,2004.0,-2.0,0.0,0.0,-1.0,2000-2059,16.0,2020.0,43.0,15.0,107,58.0,-9.0,0.0,0.0,-1.0,0001-0559,0.0,,0.0,181.0,174.0,143.0,1.0,1235.0,5,,,,,,,,,0,,,,,,,,,,,,,,,,,,,,,,,,,,,,,,,,,,,,,,,,,,,,,
90667,2015,4,12,22,2,2015-12-22,EV,20366,EV,N724EV,4995,14100,1410002,34100,PHL,"Philadelphia, PA",PA,42,Pennsylvania,23,11433,1143302,31295,DTW,"Detroit, MI",MI,26,Michigan,43,942,943.0,1.0,1.0,0.0,0.0,0900-0959,18.0,1001.0,1126.0,5.0,1130,1131.0,1.0,1.0,0.0,0.0,1100-1159,0.0,,0.0,108.0,108.0,85.0,1.0,453.0,2,,,,,,,,,0,,,,,,,,,,,,,,,,,,,,,,,,,,,,,,,,,,,,,,,,,,,,,
469297,2015,4,12,28,1,2015-12-28,WN,19393,WN,N480WN,2034,14831,1483103,32457,SJC,"San Jose, CA",CA,6,California,91,14679,1467903,33570,SAN,"San Diego, CA",CA,6,California,91,1630,1640.0,10.0,10.0,0.0,0.0,1600-1659,8.0,1648.0,1747.0,4.0,1745,1751.0,6.0,6.0,0.0,0.0,1700-1759,0.0,,0.0,75.0,71.0,59.0,1.0,417.0,2,,,,,,,,,0,,,,,,,,,,,,,,,,,,,,,,,,,,,,,,,,,,,,,,,,,,,,,
63919,2015,4,12,30,3,2015-12-30,EV,20366,EV,N672AE,2778,11298,1129804,30194,DFW,"Dallas/Fort Worth, TX",TX,48,Texas,74,15624,1562402,31504,VPS,"Valparaiso, FL",FL,12,Florida,33,1330,1352.0,22.0,22.0,1.0,1.0,1300-1359,18.0,1410.0,1532.0,5.0,1521,1537.0,16.0,16.0,1.0,1.0,1500-1559,0.0,,0.0,111.0,105.0,82.0,1.0,641.0,3,16.0,0.0,0.0,0.0,0.0,,,,0,,,,,,,,,,,,,,,,,,,,,,,,,,,,,,,,,,,,,,,,,,,,,
74839,2015,4,12,21,1,2015-12-21,EV,20366,EV,N11181,4408,13930,1393004,30977,ORD,"Chicago, IL",IL,17,Illinois,41,10469,1046902,30469,AZO,"Kalamazoo, MI",MI,26,Michigan,43,2052,2050.0,-2.0,0.0,0.0,-1.0,2000-2059,46.0,2136.0,2301.0,5.0,2252,2306.0,14.0,14.0,0.0,0.0,2200-2259,0.0,,0.0,60.0,76.0,25.0,1.0,122.0,1,,,,,,,,,0,,,,,,,,,,,,,,,,,,,,,,,,,,,,,,,,,,,,,,,,,,,,,
316199,2015,4,12,31,4,2015-12-31,OO,20304,OO,N783CA,7365,13487,1348702,31650,MSP,"Minneapolis, MN",MN,27,Minnesota,63,10141,1014103,30141,ABR,"Aberdeen, SD",SD,46,South Dakota,67,1745,1857.0,72.0,72.0,1.0,4.0,1700-1759,13.0,1910.0,1954.0,4.0,1913,1958.0,45.0,45.0,1.0,3.0,1900-1959,0.0,,0.0,88.0,61.0,44.0,1.0,257.0,2,0.0,0.0,0.0,0.0,45.0,,,,0,,,,,,,,,,,,,,,,,,,,,,,,,,,,,,,,,,,,,,,,,,,,,
144858,2015,4,12,5,6,2015-12-05,AA,19805,AA,N3JAAA,1568,11298,1129804,30194,DFW,"Dallas/Fort Worth, TX",TX,48,Texas,74,13198,1319801,33198,MCI,"Kansas City, MO",MO,29,Missouri,64,1348,1345.0,-3.0,0.0,0.0,-1.0,1300-1359,17.0,1402.0,1509.0,7.0,1521,1516.0,-5.0,0.0,0.0,-1.0,1500-1559,0.0,,0.0,93.0,91.0,67.0,1.0,460.0,2,,,,,,,,,0,,,,,,,,,,,,,,,,,,,,,,,,,,,,,,,,,,,,,,,,,,,,,
98275,2015,4,12,26,6,2015-12-26,EV,20366,EV,N937EV,5437,10397,1039705,30397,ATL,"Atlanta, GA",GA,13,Georgia,34,10208,1020803,30208,AGS,"Augusta, GA",GA,13,Georgia,34,2216,2212.0,-4.0,0.0,0.0,-1.0,2200-2259,23.0,2235.0,2304.0,3.0,2309,2307.0,-2.0,0.0,0.0,-1.0,2300-2359,0.0,,0.0,53.0,55.0,29.0,1.0,143.0,1,,,,,,,,,0,,,,,,,,,,,,,,,,,,,,,,,,,,,,,,,,,,,,,,,,,,,,,
56340,2015,4,12,28,1,2015-12-28,DL,19790,DL,N338NB,1243,10397,1039705,30397,ATL,"Atlanta, GA",GA,13,Georgia,34,11298,1129804,30194,DFW,"Dallas/Fort Worth, TX",TX,48,Texas,74,735,742.0,7.0,7.0,0.0,0.0,0700-0759,12.0,754.0,902.0,7.0,903,909.0,6.0,6.0,0.0,0.0,0900-0959,0.0,,0.0,148.0,147.0,128.0,1.0,731.0,3,,,,,,,,,0,,,,,,,,,,,,,,,,,,,,,,,,,,,,,,,,,,,,,,,,,,,,,
384969,2015,4,12,5,6,2015-12-05,WN,19393,WN,N724SW,3695,10994,1099402,30994,CHS,"Charleston, SC",SC,45,South Carolina,37,10821,1082103,30852,BWI,"Baltimore, MD",MD,24,Maryland,35,1050,1058.0,8.0,8.0,0.0,0.0,1000-1059,12.0,1110.0,1215.0,3.0,1215,1218.0,3.0,3.0,0.0,0.0,1200-1259,0.0,,0.0,85.0,80.0,65.0,1.0,472.0,2,,,,,,,,,0,,,,,,,,,,,,,,,,,,,,,,,,,,,,,,,,,,,,,,,,,,,,,
145524,2015,4,12,15,2,2015-12-15,AA,19805,AA,N3BBAA,2187,10529,1052904,30529,BDL,"Hartford, CT",CT,9,Connecticut,11,11298,1129804,30194,DFW,"Dallas/Fort Worth, TX",TX,48,Texas,74,610,607.0,-3.0,0.0,0.0,-1.0,0600-0659,17.0,624.0,916.0,17.0,932,933.0,1.0,1.0,0.0,0.0,0900-0959,0.0,,0.0,262.0,266.0,232.0,1.0,1471.0,6,,,,,,,,,0,,,,,,,,,,,,,,,,,,,,,,,,,,,,,,,,,,,,,,,,,,,,,
183449,2015,4,12,27,7,2015-12-27,AA,19805,AA,N769US,699,11278,1127803,30852,DCA,"Washington, DC",VA,51,Virginia,38,11057,1105703,31057,CLT,"Charlotte, NC",NC,37,North Carolina,36,1515,1531.0,16.0,16.0,1.0,1.0,1500-1559,29.0,1600.0,1653.0,4.0,1647,1657.0,10.0,10.0,0.0,0.0,1600-1659,0.0,,0.0,92.0,86.0,53.0,1.0,331.0,2,,,,,,,,,0,,,,,,,,,,,,,,,,,,,,,,,,,,,,,,,,,,,,,,,,,,,,,
269593,2015,4,12,19,6,2015-12-19,OO,20304,OO,N864AS,2938,12278,1227803,30928,ICT,"Wichita, KS",KS,20,Kansas,62,13930,1393004,30977,ORD,"Chicago, IL",IL,17,Illinois,41,1730,1722.0,-8.0,0.0,0.0,-1.0,1700-1759,14.0,1736.0,1856.0,11.0,1933,1907.0,-26.0,0.0,0.0,-2.0,1900-1959,0.0,,0.0,123.0,105.0,80.0,1.0,588.0,3,,,,,,,,,0,,,,,,,,,,,,,,,,,,,,,,,,,,,,,,,,,,,,,,,,,,,,,
